file,a1_A,a1_V,a1_D,a1_cat,a2_A,a2_V,a2_D,a2_cat,a3_A,a3_V,a3_D,a3_cat,gt_emotion
DK_001_A_1.wav,4.0,1.5,4.5,A,4.0,2.5,5.0,A,5.0,1.0,4.5,A,A
DK_001_A_2.wav,4.0,1.5,4.0,A,4.0,2.0,5.0,A,5.0,1.0,5.0,A,A
DK_001_A_3.wav,4.0,2.0,4.5,A,4.0,1.5,4.5,A,4.0,2.0,4.5,A,A
DK_001_A_4.wav,3.5,1.5,4.0,A,4.5,2.0,4.5,A,4.5,1.5,5.0,A,A
DK_001_A_5.wav,4.0,1.5,4.0,A,5.0,2.5,4.0,A,4.5,1.5,4.0,A,A
DK_001_B_1.wav,2.0,2.5,2.0,B,1.5,2.0,1.0,N,2.0,2.0,2.5,B,B
DK_001_B_2.wav,3.0,3.5,3.0,B,2.0,2.5,1.5,N,2.5,3.0,3.0,N,B
DK_001_B_3.wav,2.0,2.0,2.5,B,2.0,1.5,1.0,S,3.5,2.0,3.5,A,B
DK_001_B_4.wav,1.0,2.0,1.5,B,2.0,2.0,1.5,S,1.0,2.5,1.5,B,B
DK_001_B_5.wav,2.0,1.5,3.0,S,2.5,2.5,2.0,N,1.5,2.0,2.0,S,B
DK_001_H_1.wav,5.0,4.5,3.5,H,5.0,5.0,2.5,H,5.0,5.0,4.0,H,H
DK_001_H_2.wav,4.5,4.5,3.5,H,5.0,5.0,2.5,H,4.0,4.0,3.5,H,H
DK_001_H_3.wav,4.0,4.5,3.5,H,4.5,5.0,2.5,H,4.0,4.0,3.5,H,H
DK_001_H_4.wav,4.0,4.5,3.5,H,5.0,5.0,2.5,H,5.0,4.5,3.5,H,H
DK_001_H_5.wav,4.0,4.5,3.5,H,4.5,4.0,2.5,H,4.0,4.5,4.0,H,H
DK_001_N_1.wav,2.5,2.5,2.5,N,2.5,2.5,3.0,N,3.0,3.0,3.0,N,N
DK_001_N_2.wav,2.5,3.0,3.0,N,2.5,2.5,2.5,N,2.5,3.0,3.0,N,N
DK_001_N_3.wav,2.5,2.5,2.5,N,2.5,2.0,2.5,N,3.0,3.0,2.5,N,N
DK_001_N_4.wav,2.5,2.5,2.5,N,2.5,2.5,2.5,N,3.0,3.0,2.5,N,N
DK_001_N_5.wav,2.5,2.5,2.5,N,2.5,2.5,3.0,N,3.0,3.0,3.0,N,N
DK_001_S_1.wav,2.0,1.5,4.0,S,3.0,1.5,2.5,B,2.0,1.0,3.5,A,S
DK_001_S_2.wav,2.0,2.0,2.5,S,2.0,2.0,3.0,B,1.5,2.5,2.0,B,S
DK_001_S_3.wav,3.0,2.0,3.0,S,3.0,2.0,2.0,N,3.5,2.0,2.5,A,S
DK_001_S_4.wav,2.0,3.0,2.5,S,3.0,1.5,2.0,B,3.0,3.0,3.0,N,S
DK_001_S_5.wav,1.5,2.0,2.0,S,3.5,2.0,2.0,B,1.5,2.5,1.0,B,S
DK_003_A_1.wav,4.0,2.0,4.0,A,3.5,2.0,3.5,A,4.0,2.0,4.0,A,A
DK_003_A_2.wav,3.0,2.5,3.0,A,4.0,2.0,3.0,A,3.5,4.5,4.0,H,A
DK_003_A_3.wav,3.5,2.0,4.5,A,3.5,2.5,3.5,A,4.0,1.5,4.0,A,A
DK_003_A_4.wav,3.0,2.0,3.5,A,4.0,2.0,4.0,A,4.0,2.0,3.5,A,A
DK_003_A_5.wav,4.0,2.0,4.0,A,4.0,2.0,4.0,A,3.5,3.0,3.0,N,A
DK_003_B_1.wav,2.0,2.5,2.0,B,3.0,2.5,2.5,B,2.0,2.0,3.0,B,B
DK_003_B_2.wav,1.5,2.5,2.0,B,2.0,2.5,2.5,B,2.5,2.0,1.5,S,B
DK_003_B_3.wav,2.0,2.5,2.0,B,3.0,2.5,2.5,B,4.0,2.0,3.5,B,B
DK_003_B_4.wav,2.0,2.0,2.0,B,2.0,2.5,2.5,B,2.5,2.5,2.0,B,B
DK_003_B_5.wav,2.0,2.5,2.5,B,2.0,2.5,2.5,B,3.0,2.5,2.0,B,B
DK_003_H_1.wav,3.5,4.5,3.5,H,5.0,4.5,3.0,H,4.0,3.5,3.0,H,H
DK_003_H_2.wav,4.0,4.5,3.5,H,4.5,4.5,2.5,H,4.5,4.5,4.0,H,H
DK_003_H_3.wav,4.5,5.0,3.5,H,5.0,5.0,3.0,H,4.5,5.0,3.5,H,H
DK_003_H_4.wav,3.5,4.0,3.5,H,4.0,3.5,2.5,H,4.5,4.5,4.0,H,H
DK_003_H_5.wav,4.0,4.0,3.0,H,4.0,4.0,2.5,H,3.5,3.0,2.5,N,H
DK_003_N_1.wav,2.5,2.5,3.0,N,2.5,2.5,2.5,N,3.0,3.0,2.5,N,N
DK_003_N_2.wav,2.0,2.5,2.0,N,2.5,2.5,2.0,B,3.0,3.0,3.0,N,N
DK_003_N_3.wav,2.0,2.0,2.5,N,2.0,2.5,2.5,N,3.5,3.0,3.0,N,N
DK_003_N_4.wav,2.0,2.5,2.5,N,2.5,2.0,2.5,N,3.5,3.0,3.0,N,N
DK_003_N_5.wav,2.5,2.5,3.0,N,2.5,2.5,2.0,N,3.0,3.0,3.5,N,N
DK_003_S_1.wav,3.5,1.5,3.5,S,4.0,1.5,1.5,S,3.5,2.0,2.5,S,S
DK_003_S_2.wav,4.0,1.0,3.5,S,4.0,1.5,1.5,S,4.0,2.0,3.0,S,S
DK_003_S_3.wav,4.0,2.0,4.0,S,4.5,2.0,2.0,S,4.5,1.0,4.0,S,S
DK_003_S_4.wav,3.5,1.0,3.5,S,4.5,1.5,2.0,S,4.0,2.0,3.5,S,S
DK_003_S_5.wav,2.5,2.0,2.0,S,4.5,2.0,2.5,S,2.5,2.0,2.5,S,S
DK_004_A_1.wav,2.5,2.5,3.0,A,3.5,2.5,4.0,A,4.5,1.0,5.0,A,A
DK_004_A_2.wav,3.5,3.5,4.0,A,3.5,2.5,4.5,A,4.0,1.5,4.5,A,A
DK_004_A_3.wav,3.5,4.0,3.0,H,3.5,2.5,4.0,A,4.0,4.0,3.0,H,A
DK_004_A_4.wav,4.5,2.0,4.5,A,4.0,2.5,4.5,A,4.0,1.5,5.0,A,A
DK_004_A_5.wav,4.0,1.5,4.0,A,4.0,2.0,4.0,A,4.0,2.0,4.5,A,A
DK_004_B_1.wav,3.5,2.0,4.0,B,2.0,2.0,2.5,S,3.0,3.0,3.5,N,B
DK_004_B_2.wav,2.5,2.0,2.0,B,2.0,2.5,2.5,S,3.0,3.0,3.5,N,B
DK_004_B_3.wav,2.5,2.5,2.5,B,1.5,2.5,2.5,S,3.0,3.0,3.0,N,B
DK_004_B_4.wav,2.0,2.5,2.5,B,2.0,2.5,3.0,S,3.0,3.0,2.0,B,B
DK_004_B_5.wav,2.0,2.0,2.0,B,2.5,2.5,2.5,B,3.0,3.0,2.5,N,B
DK_004_H_1.wav,4.0,4.5,3.5,H,4.0,4.0,3.5,H,5.0,4.5,4.5,H,H
DK_004_H_2.wav,4.0,4.5,3.5,H,4.5,4.5,3.5,H,4.5,4.0,4.0,H,H
DK_004_H_3.wav,3.5,4.0,3.5,H,4.5,5.0,3.5,H,4.0,4.0,4.0,H,H
DK_004_H_4.wav,4.0,3.5,3.5,H,4.0,4.5,3.0,H,4.0,4.0,4.0,H,H
DK_004_H_5.wav,4.0,4.5,3.5,H,4.5,4.5,3.0,H,4.0,4.0,4.5,H,H
DK_004_N_1.wav,2.5,2.5,2.5,H,2.5,2.5,2.5,N,3.0,3.0,2.5,N,N
DK_004_N_2.wav,2.5,3.0,2.5,N,2.5,2.5,2.5,N,3.0,3.0,3.0,N,N
DK_004_N_3.wav,2.5,3.5,3.0,N,2.5,2.5,2.5,N,3.0,3.0,3.5,N,N
DK_004_N_4.wav,3.0,3.5,3.0,N,2.5,2.5,2.5,N,3.5,3.0,3.0,N,N
DK_004_N_5.wav,2.5,2.5,2.5,N,2.5,2.5,2.5,N,3.5,3.5,3.0,H,N
DK_004_S_1.wav,2.0,2.0,2.0,S,3.5,2.0,2.0,B,2.0,2.0,2.5,B,S
DK_004_S_2.wav,4.0,1.5,3.0,S,4.0,1.5,2.0,S,3.0,3.0,2.5,N,S
DK_004_S_3.wav,2.5,2.0,2.0,S,3.5,1.5,1.5,S,2.5,2.0,2.0,B,S
DK_004_S_4.wav,2.0,2.5,3.0,S,3.0,2.0,2.5,S,3.5,3.5,2.0,H,S
DK_004_S_5.wav,3.5,1.5,3.0,S,4.0,2.0,2.0,S,3.5,2.0,3.5,S,S
DK_005_A_1.wav,4.5,1.5,5.0,A,5.0,2.0,5.0,A,5.0,1.0,5.0,A,A
DK_005_A_2.wav,4.5,1.5,4.5,A,4.5,2.0,4.5,A,5.0,1.0,5.0,A,A
DK_005_A_3.wav,4.5,1.5,4.5,A,5.0,2.0,5.0,A,5.0,1.0,5.0,A,A
DK_005_A_4.wav,5.0,1.5,4.0,A,5.0,2.0,4.5,A,5.0,1.0,5.0,A,A
DK_005_A_5.wav,5.0,1.0,5.0,A,5.0,2.0,5.0,A,5.0,1.0,5.0,A,A
DK_005_B_1.wav,1.5,2.0,2.0,B,1.0,2.5,2.5,B,1.5,2.0,3.0,B,B
DK_005_B_2.wav,2.5,2.5,4.0,B,2.0,2.5,2.5,B,2.5,2.0,2.0,B,B
DK_005_B_3.wav,2.0,1.5,2.0,B,1.5,2.5,2.5,B,2.5,2.0,5.0,B,B
DK_005_B_4.wav,1.5,1.5,2.5,B,2.0,2.5,3.0,B,2.0,2.5,2.0,B,B
DK_005_B_5.wav,2.0,2.5,2.5,B,3.5,2.5,3.0,B,2.0,1.5,1.5,B,B
DK_005_H_1.wav,4.5,4.5,4.0,H,4.5,4.5,3.0,H,5.0,5.0,5.0,H,H
DK_005_H_2.wav,5.0,5.0,3.5,H,5.0,4.5,3.5,H,5.0,4.5,4.5,H,H
DK_005_H_3.wav,4.5,4.5,3.0,H,4.5,5.0,3.0,H,5.0,5.0,5.0,H,H
DK_005_H_4.wav,4.5,5.0,4.0,H,4.5,4.5,3.0,H,5.0,5.0,5.0,H,H
DK_005_H_5.wav,4.5,4.5,4.0,H,5.0,5.0,4.0,H,5.0,4.5,3.5,H,H
DK_005_N_1.wav,3.0,3.0,3.0,N,3.0,2.5,3.0,N,3.0,3.0,3.0,N,N
DK_005_N_2.wav,2.5,3.0,3.0,N,3.0,3.0,3.0,N,3.5,3.0,3.0,N,N
DK_005_N_3.wav,2.0,2.0,2.5,N,3.5,3.0,3.5,N,3.5,3.0,3.5,N,N
DK_005_N_4.wav,2.5,2.5,2.5,N,3.0,2.5,2.5,N,3.0,2.5,2.0,B,N
DK_005_N_5.wav,2.5,2.5,2.5,N,2.5,2.5,3.0,N,3.5,3.0,3.5,N,N
DK_005_S_1.wav,3.5,2.0,3.5,S,4.0,1.5,2.0,S,4.0,2.0,3.5,S,S
DK_005_S_2.wav,3.5,1.0,3.5,S,4.5,1.5,2.0,S,4.5,1.0,4.0,S,S
DK_005_S_3.wav,4.0,1.5,3.0,S,4.0,1.0,1.0,S,5.0,1.0,5.0,S,S
DK_005_S_4.wav,4.5,1.5,4.0,S,4.5,1.0,1.0,S,4.5,1.5,4.0,S,S
DK_005_S_5.wav,4.0,1.5,3.0,S,4.0,1.0,1.5,S,4.5,1.0,4.0,S,S
DK_006_A_1.wav,4.0,1.5,5.0,A,3.5,2.5,4.0,A,5.0,1.5,5.0,A,A
DK_006_A_2.wav,4.5,1.5,4.0,A,4.0,2.5,4.5,A,5.0,1.0,5.0,A,A
DK_006_A_3.wav,4.5,2.0,4.5,A,4.0,2.5,4.0,A,5.0,1.0,5.0,A,A
DK_006_A_4.wav,4.5,1.5,4.5,A,4.0,2.5,4.0,A,4.5,1.0,5.0,A,A
DK_006_A_5.wav,4.0,1.5,4.5,A,4.5,2.5,3.5,A,5.0,1.0,5.0,A,A
DK_006_B_1.wav,1.0,2.0,1.0,B,1.0,2.5,2.5,B,1.0,1.0,1.0,B,B
DK_006_B_2.wav,1.5,2.5,2.0,B,1.0,2.5,2.0,B,1.0,2.5,2.0,B,B
DK_006_B_3.wav,1.0,1.5,1.5,B,1.5,2.5,2.5,B,1.0,2.0,1.5,B,B
DK_006_B_4.wav,1.5,2.0,1.5,B,2.0,2.0,3.0,B,1.0,2.5,1.5,B,B
DK_006_B_5.wav,1.5,2.0,1.5,B,1.5,2.5,2.5,B,1.0,1.5,1.0,B,B
DK_006_H_1.wav,4.0,5.0,3.0,H,4.0,4.0,3.0,H,3.5,3.5,4.0,H,H
DK_006_H_2.wav,2.5,4.5,3.0,H,4.0,4.5,3.0,H,4.5,3.5,4.0,H,H
DK_006_H_3.wav,4.0,4.0,3.5,H,4.0,4.5,3.5,H,3.5,3.5,4.0,H,H
DK_006_H_4.wav,3.5,4.5,3.5,H,4.0,4.5,3.5,H,4.0,4.0,3.5,H,H
DK_006_H_5.wav,3.0,4.5,3.0,H,4.0,4.0,3.0,H,3.5,3.5,3.0,H,H
DK_006_N_1.wav,2.0,2.0,2.0,S,2.5,2.5,2.5,N,2.0,2.0,2.5,S,N
DK_006_N_2.wav,2.0,2.5,2.5,N,2.0,2.5,3.0,S,2.5,3.0,2.0,S,N
DK_006_N_3.wav,1.5,3.0,2.0,N,2.0,2.5,2.0,S,2.5,3.0,2.5,B,N
DK_006_N_4.wav,2.0,2.5,1.5,S,2.0,2.5,3.0,S,2.0,2.5,2.0,S,N
DK_006_N_5.wav,2.0,2.0,1.5,S,2.0,2.5,2.5,S,2.0,2.5,1.5,S,N
DK_006_S_1.wav,2.0,2.0,2.0,S,3.5,2.0,2.5,S,3.5,2.0,3.0,S,S
DK_006_S_2.wav,3.5,2.0,3.5,S,3.5,2.0,2.5,S,3.0,2.0,4.0,S,S
DK_006_S_3.wav,3.0,1.0,2.5,S,4.0,1.0,2.0,S,4.0,1.5,2.0,S,S
DK_006_S_4.wav,3.5,1.0,3.0,S,4.5,1.0,1.0,S,4.0,1.5,3.5,S,S
DK_006_S_5.wav,4.0,1.0,3.0,S,4.0,1.0,1.0,S,3.5,1.5,3.5,S,S
DK_007_A_1.wav,4.5,2.0,4.5,A,4.0,2.5,3.0,A,5.0,1.0,5.0,A,A
DK_007_A_2.wav,4.0,2.5,3.5,A,4.0,2.5,4.0,A,3.0,2.5,3.0,N,A
DK_007_A_3.wav,4.0,2.0,4.0,A,4.0,3.0,3.5,A,3.5,2.0,4.0,A,A
DK_007_A_4.wav,3.5,1.5,4.0,A,4.0,2.5,4.0,A,4.5,1.5,4.0,A,A
DK_007_A_5.wav,4.0,1.5,4.0,A,3.5,2.5,3.5,A,3.5,3.0,3.5,N,A
DK_007_B_1.wav,2.0,1.5,2.0,S,1.5,2.5,3.0,N,2.0,2.0,3.5,B,B
DK_007_B_2.wav,2.0,1.5,2.0,B,1.0,2.5,3.0,B,2.0,2.5,1.5,B,B
DK_007_B_3.wav,1.5,2.0,2.0,B,1.5,2.5,2.0,B,2.0,1.5,1.5,S,B
DK_007_B_4.wav,1.5,2.0,1.5,S,1.5,2.5,3.0,B,2.5,1.0,1.5,S,B
DK_007_B_5.wav,1.5,2.0,1.5,S,1.5,2.0,2.5,B,2.0,2.0,1.5,S,B
DK_007_H_1.wav,4.5,4.5,3.0,H,4.0,4.0,3.5,H,5.0,4.5,4.0,H,H
DK_007_H_2.wav,4.0,4.0,3.0,H,3.5,3.5,3.0,H,4.0,4.0,4.5,H,H
DK_007_H_3.wav,4.5,4.5,3.5,H,4.5,4.5,4.0,H,4.0,4.5,3.5,H,H
DK_007_H_4.wav,4.0,4.5,3.5,H,4.0,4.5,4.0,H,4.5,4.5,4.0,H,H
DK_007_H_5.wav,2.5,3.0,3.0,H,3.5,4.0,3.5,H,3.5,4.0,3.5,H,H
DK_007_N_1.wav,2.5,2.5,2.5,N,2.5,2.5,2.5,N,3.5,4.0,3.0,H,N
DK_007_N_2.wav,2.5,3.0,3.0,N,2.0,2.5,3.0,N,2.5,3.0,3.0,N,N
DK_007_N_3.wav,2.0,2.5,2.5,N,2.5,2.5,2.5,N,3.0,3.0,3.0,N,N
DK_007_N_4.wav,2.0,2.0,2.5,N,2.5,2.5,2.5,N,3.0,3.0,2.5,N,N
DK_007_N_5.wav,2.5,2.5,2.5,S,2.0,2.0,2.5,N,2.5,3.0,2.0,N,N
DK_007_S_1.wav,1.5,1.5,1.5,S,3.0,2.0,2.5,S,2.0,2.0,1.5,B,S
DK_007_S_2.wav,3.5,2.0,3.0,S,3.0,2.0,2.5,S,2.0,1.5,2.5,S,S
DK_007_S_3.wav,3.0,2.5,3.0,S,3.0,2.0,2.0,S,3.0,3.0,3.0,N,S
DK_007_S_4.wav,2.5,2.0,2.5,N,3.0,2.0,2.5,N,3.0,2.5,2.0,B,S
DK_007_S_5.wav,1.5,2.0,2.0,S,3.0,2.0,2.0,N,1.0,2.5,1.5,S,S
DK_008_A_1.wav,4.5,1.5,5.0,A,5.0,2.5,5.0,A,4.5,1.5,5.0,A,A
DK_008_A_2.wav,4.0,2.0,4.0,A,4.5,2.5,4.5,A,4.5,2.0,4.0,A,A
DK_008_A_3.wav,4.5,2.0,4.5,A,4.0,2.5,4.0,A,5.0,1.0,5.0,A,A
DK_008_A_4.wav,4.5,1.5,4.5,A,4.5,2.5,4.0,A,4.0,2.0,4.5,A,A
DK_008_A_5.wav,4.0,1.5,4.5,A,5.0,2.5,4.5,A,5.0,1.0,5.0,A,A
DK_008_B_1.wav,2.0,2.0,2.0,S,2.0,2.5,2.5,B,3.0,3.0,2.0,N,B
DK_008_B_2.wav,3.0,1.5,2.5,B,2.0,2.0,2.0,S,3.0,3.0,2.5,N,B
DK_008_B_3.wav,2.5,2.5,2.0,N,2.5,3.0,2.5,N,4.0,3.5,3.5,H,B
DK_008_B_4.wav,3.0,2.5,3.0,N,2.5,2.5,2.5,N,3.5,2.0,3.5,A,B
DK_008_B_5.wav,2.0,2.0,2.5,N,3.0,2.5,3.0,S,3.5,1.5,3.5,A,B
DK_008_H_1.wav,4.5,4.0,4.0,H,4.5,4.5,4.0,H,5.0,5.0,5.0,H,H
DK_008_H_2.wav,4.0,5.0,4.0,H,5.0,5.0,4.0,H,5.0,4.5,4.0,H,H
DK_008_H_3.wav,4.0,4.5,4.0,H,5.0,5.0,3.5,H,4.5,5.0,4.5,H,H
DK_008_H_4.wav,4.5,4.5,4.0,H,5.0,5.0,3.0,H,4.5,5.0,4.0,H,H
DK_008_H_5.wav,4.0,4.0,4.5,H,4.5,4.5,3.0,H,5.0,4.5,4.0,A,H
DK_008_N_1.wav,2.5,2.0,2.5,N,2.5,2.5,2.5,S,3.0,2.5,3.0,S,N
DK_008_N_2.wav,3.0,3.0,3.0,N,3.0,2.5,3.0,N,3.0,3.0,3.5,N,N
DK_008_N_3.wav,3.0,3.0,3.0,N,2.5,2.5,3.0,N,3.0,3.0,3.0,N,N
DK_008_N_4.wav,2.5,2.5,3.0,N,3.0,2.5,3.0,N,3.0,3.0,3.0,N,N
DK_008_N_5.wav,2.0,2.0,2.0,N,2.5,2.5,2.5,N,3.0,3.0,3.0,N,N
DK_008_S_1.wav,2.5,2.5,2.5,N,2.5,2.0,2.0,N,3.0,3.0,2.5,N,S
DK_008_S_2.wav,2.5,2.0,2.5,N,3.0,2.0,2.0,S,3.0,3.0,2.0,B,S
DK_008_S_3.wav,2.0,2.0,2.0,N,3.0,2.0,2.0,S,2.0,2.0,3.0,B,S
DK_008_S_4.wav,1.5,2.0,2.0,N,2.0,2.5,2.5,N,2.5,2.0,3.0,S,S
DK_008_S_5.wav,1.5,2.0,2.0,N,2.5,2.0,2.5,S,2.0,2.5,2.0,B,S
DK_009_A_1.wav,4.0,2.0,4.0,A,4.0,2.5,4.0,A,3.5,2.5,3.5,A,A
DK_009_A_2.wav,3.0,2.0,4.0,A,4.0,2.5,4.0,A,3.5,1.5,2.0,A,A
DK_009_A_3.wav,3.0,3.0,3.0,A,4.0,2.0,3.5,S,4.0,1.5,4.5,A,A
DK_009_A_4.wav,3.0,2.0,4.0,A,4.5,2.0,3.5,A,5.0,1.5,4.5,A,A
DK_009_A_5.wav,3.0,2.5,3.0,A,4.0,2.0,3.5,A,4.0,2.0,4.5,A,A
DK_009_B_1.wav,2.0,2.5,2.0,N,2.0,2.5,3.0,B,3.5,3.0,3.0,N,B
DK_009_B_2.wav,2.5,2.0,3.0,B,2.5,2.5,2.5,B,3.5,2.0,3.0,B,B
DK_009_B_3.wav,2.5,2.5,2.5,N,2.5,2.0,2.0,B,3.0,3.0,2.5,N,B
DK_009_B_4.wav,2.5,2.0,2.5,B,2.0,2.5,2.5,B,3.0,2.5,2.5,B,B
DK_009_B_5.wav,3.0,3.0,3.5,N,2.5,2.5,2.5,B,3.5,2.5,3.0,A,B
DK_009_H_1.wav,3.5,4.5,3.5,H,3.5,4.0,3.5,H,4.5,4.0,4.0,H,H
DK_009_H_2.wav,4.0,4.5,3.5,H,4.5,4.5,3.5,H,4.0,4.5,3.5,H,H
DK_009_H_3.wav,3.0,4.0,3.5,H,4.5,4.5,3.5,H,3.5,3.5,3.0,H,H
DK_009_H_4.wav,3.5,4.0,3.5,H,4.5,4.5,3.5,H,4.5,4.0,3.5,H,H
DK_009_H_5.wav,3.5,4.5,3.5,H,4.5,4.5,3.5,H,3.5,3.5,4.0,H,H
DK_009_N_1.wav,2.5,3.0,3.0,N,3.0,3.0,2.5,N,3.0,3.0,3.5,N,N
DK_009_N_2.wav,2.5,3.0,2.5,N,3.0,3.0,3.0,N,3.0,3.0,3.0,N,N
DK_009_N_3.wav,2.5,2.5,3.0,N,3.0,2.5,2.5,N,3.5,3.0,3.0,N,N
DK_009_N_4.wav,2.5,2.5,2.5,N,2.5,2.5,2.5,N,3.0,3.0,2.5,N,N
DK_009_N_5.wav,3.0,3.5,2.5,H,2.5,2.5,2.5,N,3.0,3.0,3.0,N,N
DK_009_S_1.wav,2.5,3.5,3.0,N,2.5,2.5,3.0,S,3.5,3.0,3.0,N,S
DK_009_S_2.wav,2.0,2.5,2.5,S,2.0,2.0,2.0,S,3.0,3.0,2.5,N,S
DK_009_S_3.wav,2.0,2.5,2.5,S,2.5,2.5,2.0,S,2.5,2.0,2.0,B,S
DK_009_S_4.wav,1.5,2.5,2.0,B,2.0,2.0,2.0,S,2.5,2.0,2.0,S,S
DK_009_S_5.wav,3.5,2.5,2.5,N,2.5,2.5,2.5,N,3.5,3.5,3.5,A,S
DK_010_A_1.wav,4.0,2.0,4.0,A,4.5,2.5,4.5,A,4.5,1.5,4.0,A,A
DK_010_A_2.wav,4.0,2.0,4.0,A,4.0,2.5,4.0,A,4.5,1.5,5.0,A,A
DK_010_A_3.wav,4.0,2.0,4.5,A,4.5,2.5,5.0,A,4.0,1.5,4.5,A,A
DK_010_A_4.wav,4.0,2.0,4.0,H,4.5,2.5,4.0,A,4.0,4.0,3.5,H,A
DK_010_A_5.wav,4.0,1.5,4.5,A,5.0,2.5,5.0,A,4.0,1.5,5.0,A,A
DK_010_B_1.wav,2.0,2.5,2.0,B,1.5,2.5,2.5,B,3.0,3.0,2.5,N,B
DK_010_B_2.wav,2.0,2.5,2.5,B,1.5,2.5,3.0,B,3.0,2.5,1.5,B,B
DK_010_B_3.wav,1.5,2.0,2.0,B,2.0,2.5,2.5,B,1.0,1.5,1.0,B,B
DK_010_B_4.wav,1.0,1.5,2.0,B,2.0,2.5,2.5,B,2.5,2.5,2.0,B,B
DK_010_B_5.wav,1.5,2.0,1.5,B,1.5,2.5,2.0,B,2.5,2.0,1.5,S,B
DK_010_H_1.wav,3.5,4.0,3.5,H,4.0,4.0,3.5,H,4.0,4.0,3.5,H,H
DK_010_H_2.wav,3.0,4.0,3.5,H,4.0,4.5,3.0,H,3.5,3.5,3.0,H,H
DK_010_H_3.wav,3.5,4.5,3.5,H,4.0,4.0,3.5,H,3.5,3.5,4.0,H,H
DK_010_H_4.wav,3.0,3.5,3.0,H,4.0,4.0,3.5,H,3.5,3.5,3.0,H,H
DK_010_H_5.wav,3.0,4.0,3.0,H,4.5,4.5,3.0,H,4.0,4.0,3.5,H,H
DK_010_N_1.wav,2.0,2.0,2.0,N,2.5,2.5,2.5,N,2.0,2.0,2.5,S,N
DK_010_N_2.wav,2.0,2.5,2.5,N,3.0,3.0,3.0,N,3.0,3.0,2.5,N,N
DK_010_N_3.wav,3.0,3.5,3.0,N,2.5,2.5,3.5,N,3.0,3.0,3.0,N,N
DK_010_N_4.wav,2.0,2.5,2.5,N,3.0,2.5,3.5,N,3.5,3.0,3.0,N,N
DK_010_N_5.wav,2.0,3.0,2.5,N,2.5,2.5,2.5,N,2.5,3.0,2.5,N,N
DK_010_S_1.wav,2.0,1.5,2.0,S,2.0,1.5,1.5,S,1.0,1.0,1.0,S,S
DK_010_S_2.wav,1.5,1.5,2.0,S,2.0,2.0,1.5,S,2.5,2.0,2.5,S,S
DK_010_S_3.wav,1.5,1.5,2.0,S,2.0,2.0,2.5,S,2.0,2.0,1.5,S,S
DK_010_S_4.wav,1.0,1.5,1.5,S,2.0,2.0,2.0,S,1.0,1.5,2.5,S,S
DK_010_S_5.wav,2.0,1.5,2.5,S,1.5,1.5,1.5,S,2.0,2.0,1.5,S,S
DK_011_A_1.wav,3.5,1.5,4.0,A,3.5,2.5,4.0,A,4.0,1.5,5.0,A,A
DK_011_A_2.wav,4.0,1.5,4.5,A,3.5,2.5,4.0,A,3.5,2.0,3.5,A,A
DK_011_A_3.wav,3.0,3.0,3.5,A,4.0,2.5,3.0,N,2.5,1.5,3.0,B,A
DK_011_A_4.wav,4.0,2.0,4.0,A,4.5,2.5,4.0,A,2.0,2.5,3.0,A,A
DK_011_A_5.wav,4.0,1.5,5.0,A,4.5,3.0,4.5,A,4.0,1.5,4.0,A,A
DK_011_B_1.wav,3.0,3.5,2.5,S,1.5,2.5,2.5,B,2.5,2.0,2.0,B,B
DK_011_B_2.wav,2.0,2.5,2.0,B,1.5,2.5,2.5,B,2.0,2.0,1.5,B,B
DK_011_B_3.wav,2.5,3.0,2.5,B,2.0,2.5,2.0,B,3.0,2.0,3.0,B,B
DK_011_B_4.wav,1.5,2.0,2.0,B,2.0,2.0,2.5,B,1.5,1.5,1.0,B,B
DK_011_B_5.wav,1.5,2.5,2.0,B,2.0,2.5,2.5,B,2.5,2.0,2.0,B,B
DK_011_H_1.wav,4.0,4.5,3.5,H,4.0,4.0,3.5,H,4.5,4.5,3.0,H,H
DK_011_H_2.wav,3.0,3.5,3.0,N,4.0,3.5,3.0,N,4.0,4.5,3.5,H,H
DK_011_H_3.wav,3.0,3.5,3.0,H,4.0,4.0,3.0,H,3.5,4.0,3.5,H,H
DK_011_H_4.wav,3.5,4.0,3.5,H,3.5,3.5,3.5,H,3.5,3.0,4.5,N,H
DK_011_H_5.wav,4.0,4.5,3.5,H,4.5,4.5,3.0,H,4.5,4.0,4.0,H,H
DK_011_N_1.wav,1.5,2.0,2.0,N,2.0,2.5,2.5,S,2.0,2.0,1.5,S,N
DK_011_N_2.wav,2.0,1.5,1.5,B,2.0,2.5,2.5,S,2.5,2.5,3.0,S,N
DK_011_N_3.wav,2.0,2.5,2.5,B,1.5,2.5,2.0,S,2.0,2.0,1.5,S,N
DK_011_N_4.wav,1.5,2.5,1.5,N,2.0,2.5,2.5,S,1.0,2.0,1.5,B,N
DK_011_N_5.wav,2.0,2.5,2.5,N,2.5,2.5,2.5,S,2.5,3.0,3.0,N,N
DK_011_S_1.wav,2.0,2.0,1.5,S,2.5,2.5,2.5,N,2.0,1.5,1.5,S,S
DK_011_S_2.wav,2.0,2.5,2.0,S,2.5,2.5,3.0,B,2.0,2.5,1.5,B,S
DK_011_S_3.wav,2.5,2.5,2.0,S,3.0,2.5,3.0,N,2.0,2.5,1.5,B,S
DK_011_S_4.wav,2.5,3.0,2.5,B,2.5,2.0,2.5,B,1.0,1.0,2.0,S,S
DK_011_S_5.wav,2.5,2.5,2.0,N,2.5,2.5,2.5,N,3.0,3.0,3.5,N,S
DK_012_A_1.wav,3.0,2.0,3.0,A,3.5,2.5,3.5,A,3.5,1.5,4.0,A,A
DK_012_A_2.wav,3.0,2.0,4.0,A,4.0,2.5,4.0,A,5.0,2.0,4.0,A,A
DK_012_A_3.wav,3.5,1.5,4.0,A,4.0,2.5,4.5,A,4.0,1.5,4.5,A,A
DK_012_A_4.wav,3.0,3.0,3.5,A,4.0,2.5,4.5,A,3.5,3.5,3.0,H,A
DK_012_A_5.wav,4.0,1.5,4.5,A,4.5,2.5,4.5,A,4.0,1.0,4.5,A,A
DK_012_B_1.wav,1.0,1.5,1.5,B,1.0,2.5,2.5,B,2.0,2.0,1.0,B,B
DK_012_B_2.wav,2.5,2.0,3.0,B,1.5,2.0,2.5,S,2.0,1.5,1.0,B,B
DK_012_B_3.wav,2.0,2.0,2.5,B,1.5,2.0,2.0,B,1.5,1.0,1.0,B,B
DK_012_B_4.wav,2.5,2.5,2.5,B,1.5,2.5,2.5,B,2.5,2.0,2.5,B,B
DK_012_B_5.wav,2.0,2.5,2.5,B,2.0,2.5,2.5,B,2.5,2.0,1.5,B,B
DK_012_H_1.wav,3.5,4.5,3.5,H,3.5,4.0,3.0,H,3.5,4.0,4.0,H,H
DK_012_H_2.wav,3.0,3.5,3.0,H,3.5,4.0,3.0,H,3.5,3.5,4.0,H,H
DK_012_H_3.wav,3.0,4.0,3.5,H,4.5,4.5,3.0,H,3.5,3.5,3.5,S,H
DK_012_H_4.wav,3.0,2.5,2.5,N,4.0,4.0,3.0,H,3.0,3.0,3.0,N,H
DK_012_H_5.wav,3.5,4.5,3.0,H,4.5,4.5,3.0,H,3.5,3.5,3.0,H,H
DK_012_N_1.wav,2.0,2.5,2.5,S,2.0,2.5,2.5,N,3.0,2.0,3.0,S,N
DK_012_N_2.wav,2.5,2.5,2.5,N,2.5,2.5,2.0,N,3.0,3.0,2.0,B,N
DK_012_N_3.wav,1.5,2.5,2.0,N,2.0,2.5,2.5,B,2.5,3.0,1.5,B,N
DK_012_N_4.wav,2.0,2.0,2.5,N,2.0,2.5,2.0,N,3.0,3.0,3.0,N,N
DK_012_N_5.wav,2.0,2.5,2.5,S,2.0,2.5,2.5,N,2.0,2.0,3.0,S,N
DK_012_S_1.wav,2.0,1.5,2.0,S,2.0,1.5,2.0,S,1.5,2.0,1.0,S,S
DK_012_S_2.wav,2.0,2.0,2.0,S,2.0,1.0,1.5,S,2.5,1.5,1.5,S,S
DK_012_S_3.wav,2.0,1.5,2.0,S,2.0,2.0,2.0,S,2.0,2.0,2.5,S,S
DK_012_S_4.wav,3.0,1.5,2.0,S,2.0,1.5,2.0,S,2.0,2.5,1.5,S,S
DK_012_S_5.wav,3.0,2.5,3.0,S,2.0,2.0,2.0,S,2.5,2.0,2.0,B,S
DK_013_A_1.wav,3.0,2.5,2.5,A,3.5,3.0,3.0,A,4.5,2.0,3.5,A,A
DK_013_A_2.wav,3.0,2.0,4.0,A,3.5,2.5,3.0,A,3.5,3.0,3.0,N,A
DK_013_A_3.wav,3.5,2.5,3.0,A,4.0,2.5,3.5,A,4.5,1.5,4.5,A,A
DK_013_A_4.wav,3.5,2.5,4.0,A,3.5,2.5,3.5,A,4.0,1.5,4.0,A,A
DK_013_A_5.wav,4.0,2.0,4.0,A,4.0,2.5,4.0,A,4.0,2.0,3.5,A,A
DK_013_B_1.wav,1.5,2.0,2.0,B,1.0,2.5,2.5,B,3.0,1.5,2.0,B,B
DK_013_B_2.wav,1.5,1.5,2.0,B,1.0,2.5,2.5,B,2.0,2.0,3.0,B,B
DK_013_B_3.wav,1.5,1.5,2.0,B,1.5,2.0,2.0,B,1.0,1.0,1.0,S,B
DK_013_B_4.wav,1.0,1.5,1.5,B,1.0,2.5,2.5,B,1.0,2.5,1.0,B,B
DK_013_B_5.wav,2.0,1.5,1.5,S,1.0,2.5,2.5,B,1.0,1.5,1.0,B,B
DK_013_H_1.wav,4.0,4.5,3.5,H,4.5,4.0,3.0,H,4.0,4.5,4.0,H,H
DK_013_H_2.wav,3.5,4.0,3.5,H,4.5,4.5,3.0,H,4.0,4.0,3.5,N,H
DK_013_H_3.wav,4.0,4.5,3.5,H,4.0,4.0,3.0,H,4.0,3.5,3.5,H,H
DK_013_H_4.wav,3.5,3.5,3.5,H,4.5,4.5,3.0,H,4.0,3.5,3.5,H,H
DK_013_H_5.wav,4.0,3.0,4.5,H,4.5,3.5,3.5,H,4.0,2.0,3.5,A,H
DK_013_N_1.wav,2.5,2.5,2.5,N,2.5,2.5,2.5,N,2.5,3.0,2.0,N,N
DK_013_N_2.wav,2.0,2.0,2.0,N,2.0,2.5,2.5,S,2.0,2.0,2.5,S,N
DK_013_N_3.wav,2.0,2.0,2.0,N,2.0,2.0,2.0,S,3.0,2.5,2.5,S,N
DK_013_N_4.wav,1.5,2.0,2.0,N,2.0,2.5,2.5,S,2.0,2.5,2.0,B,N
DK_013_N_5.wav,2.5,2.5,2.5,S,2.5,2.0,2.5,N,2.0,3.0,2.5,S,N
DK_013_S_1.wav,1.0,1.5,1.0,S,2.5,2.0,2.0,S,2.5,3.0,1.5,N,S
DK_013_S_2.wav,2.0,1.5,2.0,N,2.5,2.5,2.0,N,1.5,2.0,1.5,B,S
DK_013_S_3.wav,2.0,2.0,2.5,A,3.0,2.0,2.0,S,2.0,1.5,4.0,A,S
DK_013_S_4.wav,2.5,2.5,2.5,N,3.0,2.5,3.0,S,3.5,2.0,4.0,A,S
DK_013_S_5.wav,2.0,2.0,2.0,S,3.0,2.0,2.5,S,1.5,2.5,2.0,B,S
DK_014_A_1.wav,3.0,1.5,3.5,B,3.0,2.0,3.5,A,1.0,1.0,4.0,A,A
DK_014_A_2.wav,2.0,2.0,2.5,S,3.5,2.0,3.5,A,2.0,2.0,1.5,S,A
DK_014_A_3.wav,3.5,1.5,3.5,A,4.0,2.5,3.0,A,2.0,2.0,2.5,B,A
DK_014_A_4.wav,4.0,2.0,4.0,A,3.5,2.5,3.5,A,3.5,2.0,4.0,A,A
DK_014_A_5.wav,4.0,1.5,4.0,A,4.0,2.5,4.0,A,3.0,2.5,2.5,B,A
DK_014_B_1.wav,2.5,2.0,3.5,S,1.5,2.5,3.0,A,2.5,2.0,1.5,S,B
DK_014_B_2.wav,1.0,2.0,1.5,B,2.0,3.0,2.5,B,1.0,2.0,1.0,B,B
DK_014_B_3.wav,4.0,3.5,3.5,B,2.0,2.5,2.0,N,2.5,2.0,1.0,B,B
DK_014_B_4.wav,1.5,2.0,1.5,S,1.0,2.0,2.0,B,1.0,2.0,1.0,B,B
DK_014_B_5.wav,1.0,2.0,1.5,S,1.0,2.0,2.0,B,1.5,2.0,3.0,S,B
DK_014_H_1.wav,4.0,4.5,3.5,H,4.5,4.0,3.0,H,3.5,3.5,4.0,S,H
DK_014_H_2.wav,4.5,4.0,3.5,H,4.5,4.5,3.0,H,5.0,5.0,3.0,H,H
DK_014_H_3.wav,4.0,4.5,4.0,H,5.0,5.0,3.0,H,4.5,4.0,3.5,H,H
DK_014_H_4.wav,2.5,3.0,3.0,B,5.0,4.5,3.0,H,3.0,3.0,3.5,N,H
DK_014_H_5.wav,5.0,4.5,3.5,H,4.5,4.5,3.0,H,4.0,4.0,3.5,H,H
DK_014_N_1.wav,2.5,2.5,2.5,S,2.5,2.5,3.0,N,2.0,2.5,2.0,S,N
DK_014_N_2.wav,2.0,2.5,1.5,N,1.5,2.5,3.0,B,2.0,2.5,2.0,S,N
DK_014_N_3.wav,3.0,2.0,3.0,S,1.5,2.5,2.5,B,2.5,2.0,2.0,S,N
DK_014_N_4.wav,2.0,2.0,1.5,N,1.0,3.0,2.5,B,1.5,2.0,1.5,B,N
DK_014_N_5.wav,3.0,3.0,2.5,S,2.5,2.5,3.0,N,2.5,2.0,1.5,B,N
DK_014_S_1.wav,4.0,1.0,3.5,S,2.5,1.0,2.0,S,4.0,1.0,3.5,S,S
DK_014_S_2.wav,1.5,1.0,1.5,S,3.0,1.0,2.5,S,4.0,1.5,3.5,S,S
DK_014_S_3.wav,3.0,1.5,2.5,S,2.5,1.5,1.5,S,2.0,2.5,1.5,B,S
DK_014_S_4.wav,4.0,1.0,3.0,S,2.5,1.5,2.0,S,3.0,3.0,2.5,N,S
DK_014_S_5.wav,2.0,2.0,1.5,S,3.0,1.5,2.0,S,2.0,2.0,1.5,S,S
DK_015_A_1.wav,4.0,4.5,3.5,H,3.5,3.0,3.0,H,4.5,4.0,4.5,H,A
DK_015_A_2.wav,3.5,3.5,4.0,A,3.5,3.0,3.0,N,3.5,4.0,3.5,H,A
DK_015_A_3.wav,2.5,2.0,3.0,A,3.5,2.5,3.0,A,4.0,2.0,4.0,A,A
DK_015_A_4.wav,4.0,4.0,3.5,H,3.5,3.0,3.0,A,4.0,3.5,4.0,H,A
DK_015_A_5.wav,2.0,2.5,2.5,H,3.5,3.0,3.5,A,4.0,2.0,4.5,A,A
DK_015_B_1.wav,2.0,2.5,2.5,B,2.5,2.5,3.0,B,3.0,3.0,3.0,N,B
DK_015_B_2.wav,1.0,2.0,1.5,B,1.5,2.5,2.5,B,2.5,2.5,2.0,B,B
DK_015_B_3.wav,2.0,2.0,3.0,S,2.0,2.5,2.0,B,1.5,2.0,2.5,B,B
DK_015_B_4.wav,2.5,2.0,2.0,B,2.0,2.5,2.5,B,2.0,2.0,1.0,B,B
DK_015_B_5.wav,2.0,2.0,2.0,B,2.0,2.5,3.0,B,2.5,2.5,3.0,B,B
DK_015_H_1.wav,4.5,4.5,4.0,H,3.5,3.0,3.0,H,3.5,3.5,4.0,H,H
DK_015_H_2.wav,3.5,4.5,3.5,H,4.0,3.5,3.0,H,4.0,4.0,4.0,H,H
DK_015_H_3.wav,3.0,4.0,3.0,A,3.5,3.5,3.0,H,3.5,2.0,4.0,A,H
DK_015_H_4.wav,2.5,2.5,2.5,H,3.5,4.0,3.0,H,3.5,3.5,4.0,H,H
DK_015_H_5.wav,3.0,3.0,3.5,N,3.0,3.5,3.0,H,3.5,3.0,3.0,N,H
DK_015_N_1.wav,3.0,3.5,2.5,N,2.5,3.0,2.5,N,3.5,3.5,4.0,H,N
DK_015_N_2.wav,2.0,2.5,2.0,N,3.0,3.0,3.0,N,2.5,3.0,3.0,N,N
DK_015_N_3.wav,2.0,2.0,2.0,N,2.5,2.5,2.5,N,3.0,2.5,2.5,N,N
DK_015_N_4.wav,2.0,2.5,2.0,N,3.0,2.5,3.0,N,3.0,2.0,2.5,B,N
DK_015_N_5.wav,2.0,2.0,2.5,N,3.0,3.0,3.0,N,3.0,3.0,3.0,N,N
DK_015_S_1.wav,2.0,3.0,2.5,B,2.5,3.0,3.0,B,3.0,3.0,3.0,N,S
DK_015_S_2.wav,2.0,2.0,2.0,N,2.0,2.5,2.5,S,2.5,2.0,3.0,B,S
DK_015_S_3.wav,2.0,1.5,2.0,S,2.5,2.0,2.0,S,2.0,3.0,3.0,B,S
DK_015_S_4.wav,2.0,2.0,1.5,B,2.5,2.5,2.5,S,2.0,2.0,1.5,B,S
DK_015_S_5.wav,1.5,2.0,1.5,S,2.5,2.0,2.5,S,2.5,2.0,2.0,B,S
DK_016_A_1.wav,4.0,1.5,4.5,A,4.5,2.5,4.5,A,4.0,1.5,5.0,A,A
DK_016_A_2.wav,3.0,2.5,3.5,A,4.5,2.5,4.5,A,4.0,2.0,4.5,A,A
DK_016_A_3.wav,4.0,2.0,4.0,A,4.0,2.5,4.5,A,4.0,2.0,4.5,A,A
DK_016_A_4.wav,3.5,1.5,4.0,A,5.0,2.5,5.0,A,4.5,1.5,4.0,A,A
DK_016_A_5.wav,4.5,1.5,4.0,A,5.0,2.5,5.0,A,4.0,1.5,4.5,A,A
DK_016_B_1.wav,2.0,2.0,2.0,B,1.5,2.5,2.5,B,2.0,1.5,1.5,B,B
DK_016_B_2.wav,2.0,2.5,2.5,B,1.5,2.0,2.0,B,2.5,3.0,3.0,N,B
DK_016_B_3.wav,2.0,2.0,2.5,B,2.0,2.0,2.5,B,1.5,2.0,1.0,B,B
DK_016_B_4.wav,1.5,2.5,2.0,S,2.0,2.5,3.0,B,2.0,1.5,1.5,B,B
DK_016_B_5.wav,2.0,2.0,2.5,S,2.0,2.5,3.0,B,2.0,2.5,2.0,B,B
DK_016_H_1.wav,4.0,4.5,3.5,H,4.5,3.5,3.0,H,4.0,3.5,4.0,N,H
DK_016_H_2.wav,3.5,3.0,3.0,A,4.5,4.0,3.0,H,4.0,2.0,4.0,A,H
DK_016_H_3.wav,3.5,4.0,3.0,H,4.0,4.5,3.0,H,4.0,4.0,3.5,H,H
DK_016_H_4.wav,4.0,4.0,4.0,H,4.5,4.5,3.0,H,4.0,3.0,3.5,N,H
DK_016_H_5.wav,4.0,4.0,3.5,H,4.5,4.0,3.0,H,3.0,3.0,4.5,N,H
DK_016_N_1.wav,2.0,2.5,2.5,S,2.0,3.0,3.0,N,3.0,2.0,3.0,B,N
DK_016_N_2.wav,2.5,2.5,2.5,N,2.0,2.5,2.5,N,3.0,3.0,2.5,N,N
DK_016_N_3.wav,2.5,2.5,2.5,N,3.0,2.5,3.0,N,3.0,2.0,3.0,B,N
DK_016_N_4.wav,2.5,2.5,2.5,N,3.0,3.0,3.0,N,2.5,3.0,2.0,N,N
DK_016_N_5.wav,2.5,2.5,2.5,N,2.5,3.0,3.0,N,2.5,3.0,3.0,N,N
DK_016_S_1.wav,1.5,1.5,1.5,S,2.0,2.0,2.0,S,1.5,2.0,3.0,S,S
DK_016_S_2.wav,2.0,1.5,1.5,S,2.5,2.0,2.0,S,1.0,1.5,1.5,S,S
DK_016_S_3.wav,2.0,2.0,2.0,S,2.0,2.0,2.5,S,1.5,1.5,1.5,B,S
DK_016_S_4.wav,2.0,1.5,2.0,S,1.0,2.0,2.0,S,2.0,1.5,2.0,S,S
DK_016_S_5.wav,2.0,2.0,2.5,B,2.0,1.5,2.5,S,3.0,2.5,3.0,N,S
DK_017_A_1.wav,4.0,1.5,4.0,H,4.0,3.0,3.5,A,3.5,2.0,4.0,A,A
DK_017_A_2.wav,3.0,2.5,4.0,H,4.0,3.5,3.0,N,4.0,4.0,3.5,H,A
DK_017_A_3.wav,3.5,4.0,3.5,H,4.0,4.0,3.0,H,4.0,4.0,3.5,H,A
DK_017_A_4.wav,3.5,2.0,3.5,H,4.0,3.5,3.5,N,3.5,3.5,3.5,H,A
DK_017_A_5.wav,4.0,4.5,4.0,H,4.0,4.0,3.5,H,4.0,3.5,4.0,H,A
DK_017_B_1.wav,2.5,2.5,2.0,B,2.0,3.0,3.0,B,3.0,3.0,2.5,N,B
DK_017_B_2.wav,2.0,2.5,2.5,N,2.0,3.0,3.0,B,3.0,3.0,2.5,N,B
DK_017_B_3.wav,2.0,2.0,1.5,N,2.0,2.5,2.5,B,3.0,3.0,2.5,N,B
DK_017_B_4.wav,2.0,2.5,2.5,B,2.0,2.5,2.5,B,2.5,2.5,2.0,B,B
DK_017_B_5.wav,3.0,2.0,2.0,B,2.5,3.0,2.5,B,3.5,3.5,2.0,H,B
DK_017_H_1.wav,4.0,4.5,3.5,H,4.0,4.0,3.0,H,3.5,3.5,4.0,H,H
DK_017_H_2.wav,4.0,4.5,3.5,H,4.0,4.5,3.0,H,3.0,3.5,3.0,H,H
DK_017_H_3.wav,3.5,4.0,3.5,H,4.5,4.5,3.0,H,3.5,4.0,3.5,N,H
DK_017_H_4.wav,3.5,4.5,3.5,H,3.5,4.0,3.0,H,3.5,3.5,3.0,H,H
DK_017_H_5.wav,3.5,4.5,3.5,H,4.0,4.0,3.0,H,3.5,3.0,2.5,N,H
DK_017_N_1.wav,3.0,3.0,2.5,N,2.0,2.5,3.0,S,2.0,2.5,2.0,S,N
DK_017_N_2.wav,2.5,3.5,3.0,N,3.0,3.0,3.0,N,3.0,3.0,3.0,N,N
DK_017_N_3.wav,2.5,4.0,3.0,N,3.0,3.0,3.0,N,2.5,3.0,2.5,N,N
DK_017_N_4.wav,3.5,4.0,3.0,N,3.0,3.0,3.0,N,3.0,3.5,3.5,H,N
DK_017_N_5.wav,2.0,2.5,2.5,N,3.0,3.0,3.0,N,2.5,3.0,3.0,N,N
DK_017_S_1.wav,1.5,2.0,1.5,S,2.5,2.0,2.5,S,2.0,2.0,1.5,S,S
DK_017_S_2.wav,2.5,2.5,2.0,S,2.5,2.5,2.5,S,1.5,2.0,1.0,S,S
DK_017_S_3.wav,2.5,3.5,3.0,S,2.5,2.5,2.0,S,3.0,3.0,2.5,N,S
DK_017_S_4.wav,2.0,2.5,2.0,N,2.0,2.0,2.5,S,3.0,3.0,2.5,N,S
DK_017_S_5.wav,1.5,1.5,1.5,S,1.5,2.0,2.5,S,1.5,2.5,3.0,S,S
DK_018_A_1.wav,3.5,3.0,3.0,A,4.0,3.0,3.5,A,3.5,3.0,3.5,N,A
DK_018_A_2.wav,3.5,2.0,3.5,A,4.0,3.0,4.0,A,4.0,2.0,4.5,A,A
DK_018_A_3.wav,3.5,3.0,2.5,H,4.0,3.0,3.5,A,3.5,3.0,3.5,N,A
DK_018_A_4.wav,3.5,3.5,3.0,A,3.5,3.0,3.5,A,4.0,4.0,3.0,H,A
DK_018_A_5.wav,3.0,3.0,4.0,A,4.0,3.0,3.5,A,3.0,2.0,2.0,B,A
DK_018_B_1.wav,2.5,3.0,2.5,B,2.0,2.5,2.5,B,3.0,2.5,2.5,B,B
DK_018_B_2.wav,2.0,1.5,2.0,B,2.5,2.5,2.5,B,2.5,2.5,3.0,B,B
DK_018_B_3.wav,2.0,2.0,2.0,S,2.0,2.5,2.0,B,3.0,2.0,3.0,B,B
DK_018_B_4.wav,3.0,2.5,3.0,B,2.0,2.5,2.5,B,3.0,2.0,1.0,B,B
DK_018_B_5.wav,1.0,1.5,1.5,B,2.0,2.5,2.5,B,2.5,2.0,2.0,B,B
DK_018_H_1.wav,3.5,4.0,3.5,H,3.5,3.5,3.0,H,3.5,4.0,3.5,H,H
DK_018_H_2.wav,3.5,2.0,4.0,H,3.5,4.0,3.0,H,4.0,4.0,4.5,H,H
DK_018_H_3.wav,4.0,4.5,3.5,H,4.0,3.5,3.0,H,3.5,5.0,4.0,H,H
DK_018_H_4.wav,3.5,3.5,3.0,H,4.0,4.0,3.0,H,3.5,3.5,3.0,H,H
DK_018_H_5.wav,4.0,4.5,3.5,H,4.0,3.5,3.5,H,4.0,3.5,3.0,H,H
DK_018_N_1.wav,2.0,2.5,2.5,N,2.0,2.5,2.5,N,3.0,3.0,3.0,N,N
DK_018_N_2.wav,2.0,2.5,2.5,N,2.5,2.5,2.5,N,3.0,3.0,3.0,N,N
DK_018_N_3.wav,2.0,2.0,2.5,S,3.0,2.5,2.0,N,4.0,1.5,4.0,A,N
DK_018_N_4.wav,2.0,2.5,2.0,N,3.0,3.0,2.5,N,2.0,3.0,2.5,B,N
DK_018_N_5.wav,2.5,2.5,3.0,N,3.0,2.5,2.5,N,3.0,3.0,3.0,N,N
DK_018_S_1.wav,1.5,2.0,1.5,B,3.0,2.5,2.5,B,1.5,2.5,1.0,B,S
DK_018_S_2.wav,2.0,3.5,3.0,S,2.5,2.5,2.5,S,3.5,2.0,2.0,S,S
DK_018_S_3.wav,2.5,2.5,2.5,S,2.0,2.5,2.0,S,2.5,2.5,3.0,B,S
DK_018_S_4.wav,2.5,2.5,3.0,S,2.5,2.5,2.5,S,3.0,2.5,2.0,B,S
DK_018_S_5.wav,2.0,2.0,2.0,B,2.0,2.0,2.5,S,2.0,1.5,2.0,B,S
DK_019_A_1.wav,3.0,2.5,3.0,N,3.5,3.0,3.0,N,3.5,3.0,3.0,N,A
DK_019_A_2.wav,3.5,2.5,4.0,A,4.0,3.0,3.0,N,3.5,3.0,3.0,N,A
DK_019_A_3.wav,3.0,3.0,3.5,A,3.5,3.0,3.0,N,3.0,3.0,3.0,N,A
DK_019_A_4.wav,3.5,4.0,3.5,N,3.5,3.0,3.0,N,3.5,3.5,4.0,H,A
DK_019_A_5.wav,3.0,2.5,3.0,B,3.5,3.0,3.0,N,3.5,3.0,2.5,N,A
DK_019_B_1.wav,1.5,1.5,2.0,B,1.5,3.0,3.0,B,2.5,2.0,2.0,B,B
DK_019_B_2.wav,2.5,2.0,2.0,S,2.5,2.5,2.5,B,2.0,2.0,1.5,B,B
DK_019_B_3.wav,2.0,2.0,1.5,S,2.0,2.0,2.0,B,2.5,2.0,2.5,B,B
DK_019_B_4.wav,2.0,1.5,1.5,B,1.5,2.5,2.5,B,2.0,2.0,2.0,B,B
DK_019_B_5.wav,2.0,2.0,2.0,B,2.0,2.5,2.5,B,2.5,2.0,2.0,B,B
DK_019_H_1.wav,4.0,4.5,4.0,H,4.0,4.0,3.0,H,4.0,4.0,4.5,H,H
DK_019_H_2.wav,4.0,4.0,3.5,H,4.0,4.0,3.0,H,4.0,3.5,4.0,H,H
DK_019_H_3.wav,3.5,3.5,3.5,H,4.0,4.0,2.5,H,4.0,2.0,4.0,A,H
DK_019_H_4.wav,3.5,3.0,3.5,H,4.0,3.5,3.0,H,3.5,3.5,3.0,H,H
DK_019_H_5.wav,3.5,3.5,3.0,H,3.5,3.5,3.0,H,3.5,3.0,3.0,N,H
DK_019_N_1.wav,2.5,2.5,2.5,N,3.0,3.0,3.0,N,3.0,3.0,3.0,N,N
DK_019_N_2.wav,2.0,2.5,2.0,N,2.0,2.5,2.5,N,3.0,3.0,3.0,N,N
DK_019_N_3.wav,2.0,1.5,1.5,N,2.0,2.5,2.5,S,2.5,2.0,1.5,B,N
DK_019_N_4.wav,2.0,2.0,1.5,B,2.5,2.5,2.5,S,3.0,3.0,2.0,N,N
DK_019_N_5.wav,2.0,2.0,2.0,N,2.5,2.5,2.5,N,2.5,3.0,3.0,N,N
DK_019_S_1.wav,1.5,2.5,2.0,S,2.0,2.5,2.5,N,3.0,3.0,3.0,N,S
DK_019_S_2.wav,2.0,2.0,2.0,B,2.0,2.5,2.5,S,1.0,1.0,2.0,B,S
DK_019_S_3.wav,2.5,2.5,2.5,S,2.5,3.0,2.5,N,3.0,3.0,3.0,N,S
DK_019_S_4.wav,2.0,2.5,2.5,B,2.5,2.5,2.5,N,2.5,3.0,3.0,N,S
DK_019_S_5.wav,2.0,1.5,2.0,B,2.5,2.5,2.5,S,1.5,2.0,2.0,B,S
EN_001_A_1.wav,3.5,2.0,4.0,A,3.0,2.5,3.0,A,4.5,1.0,5.0,A,A
EN_001_A_2.wav,2.5,3.0,3.0,A,2.5,2.5,2.5,A,3.5,1.5,4.5,A,A
EN_001_A_3.wav,3.5,1.5,3.5,A,4.5,2.0,4.0,A,4.0,2.0,4.0,A,A
EN_001_A_4.wav,3.0,1.5,3.0,A,1.5,2.0,3.5,A,3.5,2.0,4.0,A,A
EN_001_A_5.wav,3.0,1.5,3.0,A,3.0,3.0,2.0,A,3.5,2.0,4.0,A,A
EN_001_B_1.wav,1.5,1.5,2.0,N,1.5,2.0,2.0,B,2.0,2.5,1.5,S,B
EN_001_B_2.wav,1.5,1.5,2.0,N,2.0,1.5,1.5,B,2.0,3.0,2.5,S,B
EN_001_B_3.wav,2.0,2.5,2.0,B,2.0,2.0,1.5,B,3.0,2.0,2.5,B,B
EN_001_B_4.wav,2.5,2.0,2.0,B,3.0,2.5,2.5,B,3.0,2.0,2.0,S,B
EN_001_B_5.wav,2.5,2.5,2.5,B,2.5,2.5,2.5,B,2.5,2.0,2.0,S,B
EN_001_H_1.wav,4.0,2.0,5.0,H,5.0,5.0,2.0,H,4.5,4.5,4.0,H,H
EN_001_H_2.wav,3.0,4.5,4.0,H,5.0,4.0,1.0,H,4.5,4.0,4.5,H,H
EN_001_H_3.wav,4.0,4.0,4.0,H,4.5,4.5,1.0,H,4.5,5.0,4.0,H,H
EN_001_H_4.wav,4.0,4.5,3.5,A,4.0,4.0,1.5,H,4.0,4.5,4.0,H,H
EN_001_H_5.wav,4.0,4.0,3.5,A,4.0,4.5,2.0,H,3.5,4.5,3.5,H,H
EN_001_N_1.wav,2.5,2.5,2.5,N,1.0,2.5,1.0,N,2.5,3.0,3.0,N,N
EN_001_N_2.wav,2.0,2.5,2.5,N,2.0,2.5,1.0,N,2.0,2.0,2.0,S,N
EN_001_N_3.wav,2.5,2.5,2.5,N,2.5,3.0,1.0,N,3.5,4.0,3.0,H,N
EN_001_N_4.wav,2.5,2.5,2.0,S,2.0,2.0,2.0,N,2.5,3.0,3.0,N,N
EN_001_N_5.wav,2.0,2.5,2.0,N,2.0,2.5,1.0,N,2.5,3.0,3.0,N,N
EN_001_S_1.wav,2.5,1.5,2.0,S,2.5,1.5,3.5,S,2.5,2.0,2.0,S,S
EN_001_S_2.wav,2.0,2.0,3.0,A,2.0,2.0,4.0,S,3.5,2.0,3.5,A,S
EN_001_S_3.wav,1.5,2.0,2.0,S,2.5,1.5,2.5,S,2.0,1.5,2.0,S,S
EN_001_S_4.wav,3.0,1.5,2.5,B,2.0,1.5,2.0,S,2.0,2.0,3.0,S,S
EN_001_S_5.wav,1.5,2.5,2.0,B,2.0,2.0,1.0,S,1.5,2.0,1.5,B,S
EN_003_A_1.wav,2.5,2.5,3.0,N,3.0,2.5,4.5,A,3.5,3.0,3.5,N,A
EN_003_A_2.wav,3.5,2.5,3.0,A,5.0,2.5,3.0,A,4.0,2.0,3.0,A,A
EN_003_A_3.wav,4.0,4.0,3.5,H,5.0,2.5,2.5,H,4.0,2.0,4.0,A,A
EN_003_A_4.wav,3.5,3.0,2.5,A,4.5,2.5,2.0,A,3.5,4.0,3.0,H,A
EN_003_A_5.wav,4.0,1.5,3.5,A,2.0,2.0,2.5,A,3.0,1.5,4.5,A,A
EN_003_B_1.wav,2.0,2.5,2.5,N,1.5,2.5,3.0,B,3.0,2.0,3.0,S,B
EN_003_B_2.wav,2.0,2.5,2.5,B,2.0,2.5,1.0,B,3.0,2.5,2.5,B,B
EN_003_B_3.wav,3.0,2.0,2.5,B,2.5,2.5,1.0,B,3.0,2.0,2.5,B,B
EN_003_B_4.wav,2.0,2.5,2.5,B,4.0,2.5,1.0,B,3.0,2.5,3.0,B,B
EN_003_B_5.wav,2.5,2.5,2.5,B,3.0,2.0,2.5,B,3.0,2.5,3.0,N,B
EN_003_H_1.wav,4.0,5.0,4.0,H,5.0,3.0,2.5,H,4.0,5.0,4.5,H,H
EN_003_H_2.wav,4.0,4.5,3.5,H,5.0,3.5,2.0,H,4.0,3.5,3.5,H,H
EN_003_H_3.wav,3.5,4.0,3.0,H,5.0,5.0,1.5,H,4.5,5.0,4.0,H,H
EN_003_H_4.wav,3.5,4.0,3.0,H,4.0,5.0,2.5,H,4.0,4.0,3.5,H,H
EN_003_H_5.wav,3.0,3.5,2.5,H,3.5,2.0,4.5,H,3.5,3.5,3.5,H,H
EN_003_N_1.wav,2.5,2.5,2.5,N,2.0,2.0,3.0,N,3.5,3.0,3.0,N,N
EN_003_N_2.wav,2.0,2.0,2.0,N,2.0,2.5,3.0,N,3.0,3.0,2.5,N,N
EN_003_N_3.wav,2.5,2.5,2.5,N,4.0,2.5,3.0,N,3.0,3.0,3.0,N,N
EN_003_N_4.wav,3.0,2.5,2.5,N,2.5,2.5,2.5,N,3.0,3.0,3.0,N,N
EN_003_N_5.wav,2.5,2.0,2.5,N,3.0,3.0,2.5,N,3.0,3.5,3.0,N,N
EN_003_S_1.wav,3.0,1.5,2.5,S,2.0,2.0,3.0,S,2.5,2.5,4.0,A,S
EN_003_S_2.wav,4.0,1.0,3.0,S,2.5,1.0,2.0,S,4.0,1.0,3.5,S,S
EN_003_S_3.wav,4.0,1.0,3.5,S,3.5,1.0,1.5,S,3.5,1.5,4.5,S,S
EN_003_S_4.wav,3.5,1.5,3.0,S,3.0,1.0,2.5,S,4.0,1.0,3.5,S,S
EN_003_S_5.wav,4.0,1.0,3.0,S,2.5,1.0,2.5,S,4.0,1.0,3.5,S,S
EN_004_A_1.wav,3.0,4.0,2.5,A,3.5,2.5,2.0,A,3.5,3.0,3.5,N,A
EN_004_A_2.wav,3.0,1.5,3.0,A,3.0,2.0,3.0,A,4.5,1.5,4.0,A,A
EN_004_A_3.wav,4.0,2.0,4.0,A,4.0,2.0,3.5,A,4.0,2.0,4.5,A,A
EN_004_A_4.wav,3.0,2.5,3.0,H,3.0,2.5,3.0,A,4.0,3.0,4.0,N,A
EN_004_A_5.wav,3.5,1.5,4.0,A,4.0,2.5,4.5,A,4.0,1.5,5.0,A,A
EN_004_B_1.wav,2.5,2.5,2.5,B,1.5,2.0,1.5,B,2.0,2.5,2.0,B,B
EN_004_B_2.wav,2.0,2.0,2.5,S,2.5,1.5,2.0,B,3.0,2.0,1.5,S,B
EN_004_B_3.wav,2.0,2.5,2.0,B,3.0,2.0,3.0,B,3.5,2.0,3.0,S,B
EN_004_B_4.wav,2.0,2.5,2.5,N,2.0,2.0,3.5,B,2.0,2.0,1.5,S,B
EN_004_B_5.wav,2.0,2.5,2.0,B,1.5,2.0,2.0,B,1.0,2.0,1.5,B,B
EN_004_H_1.wav,3.0,4.0,3.0,H,5.0,2.5,2.5,H,4.0,4.0,4.5,H,H
EN_004_H_2.wav,3.5,4.0,3.5,H,5.0,2.5,2.5,H,4.0,3.5,3.5,H,H
EN_004_H_3.wav,3.5,4.0,2.5,H,4.0,4.5,1.0,H,4.0,4.0,3.5,H,H
EN_004_H_4.wav,3.0,4.0,3.0,H,4.0,4.0,2.0,H,4.0,3.5,4.5,H,H
EN_004_H_5.wav,4.0,5.0,3.5,H,3.5,5.0,2.0,H,4.0,3.5,4.0,H,H
EN_004_N_1.wav,2.5,3.0,2.5,N,1.5,2.5,2.5,N,3.0,2.5,2.5,B,N
EN_004_N_2.wav,2.5,2.5,2.5,N,2.5,2.5,1.0,N,3.0,3.0,3.5,N,N
EN_004_N_3.wav,2.5,2.5,2.5,N,2.0,2.5,3.0,N,3.0,3.0,3.0,N,N
EN_004_N_4.wav,2.5,2.5,2.5,N,2.5,2.5,4.0,N,3.0,3.0,3.0,N,N
EN_004_N_5.wav,2.5,3.0,3.0,N,3.0,2.5,2.5,N,3.0,3.5,3.0,N,N
EN_004_S_1.wav,2.0,2.5,2.0,N,2.5,1.5,2.0,S,2.0,2.5,2.0,B,S
EN_004_S_2.wav,2.5,2.5,2.5,S,2.5,1.0,2.5,S,3.0,2.0,3.0,S,S
EN_004_S_3.wav,3.0,2.0,2.0,S,3.0,1.0,3.0,S,2.5,2.0,1.5,S,S
EN_004_S_4.wav,2.0,2.5,2.5,S,3.0,1.5,2.5,S,3.0,3.0,2.0,N,S
EN_004_S_5.wav,3.0,2.0,2.5,S,2.0,2.0,3.0,S,3.0,2.0,2.5,S,S
EN_005_A_1.wav,4.0,1.5,4.5,A,3.0,2.5,5.0,A,4.5,1.0,5.0,A,A
EN_005_A_2.wav,4.0,1.5,3.5,A,3.0,2.5,4.5,A,4.5,1.0,4.5,A,A
EN_005_A_3.wav,4.5,1.5,4.0,A,4.0,2.5,4.5,A,5.0,1.0,5.0,A,A
EN_005_A_4.wav,4.0,1.5,4.5,A,3.5,2.5,5.0,A,5.0,1.5,4.5,A,A
EN_005_A_5.wav,4.0,2.0,4.0,A,4.0,2.5,4.0,A,4.0,2.0,4.0,H,A
EN_005_B_1.wav,2.0,2.0,1.5,B,2.0,2.0,1.0,B,1.0,1.5,2.0,B,B
EN_005_B_2.wav,2.0,2.0,1.5,B,1.5,2.0,2.0,B,2.0,1.5,1.5,B,B
EN_005_B_3.wav,1.5,2.0,2.0,B,2.0,2.0,2.0,B,2.5,2.0,2.0,B,B
EN_005_B_4.wav,2.0,2.0,2.0,B,2.0,2.5,3.0,B,2.5,3.0,2.0,N,B
EN_005_B_5.wav,2.0,2.0,2.5,B,3.0,3.0,2.5,B,2.5,2.5,1.0,B,B
EN_005_H_1.wav,4.5,4.5,3.5,H,5.0,5.0,2.0,H,4.5,4.5,4.0,H,H
EN_005_H_2.wav,4.0,4.5,3.5,H,4.5,5.0,2.0,H,4.5,4.5,4.0,H,H
EN_005_H_3.wav,3.5,4.5,3.0,H,5.0,5.0,1.5,H,4.0,4.0,3.5,H,H
EN_005_H_4.wav,4.0,4.0,3.5,H,4.5,5.0,2.0,H,4.5,4.0,4.0,H,H
EN_005_H_5.wav,3.0,3.5,2.5,H,5.0,4.5,2.5,H,4.5,5.0,4.0,H,H
EN_005_N_1.wav,2.5,3.5,2.5,H,2.5,2.5,2.5,N,3.0,3.0,3.0,N,N
EN_005_N_2.wav,2.5,2.5,2.5,B,2.5,2.5,3.5,N,3.5,3.0,3.5,N,N
EN_005_N_3.wav,2.5,3.0,2.5,B,2.5,2.5,2.5,N,1.5,2.0,2.0,B,N
EN_005_N_4.wav,2.5,3.0,2.5,N,3.0,2.5,2.5,N,3.0,3.0,3.0,N,N
EN_005_N_5.wav,2.5,2.5,2.5,N,3.0,2.5,2.0,N,3.0,3.0,2.5,N,N
EN_005_S_1.wav,4.0,1.0,4.0,S,2.5,1.0,2.0,S,3.5,2.0,3.0,S,S
EN_005_S_2.wav,4.0,1.0,3.0,S,2.5,1.0,2.5,S,4.5,2.0,3.5,S,S
EN_005_S_3.wav,4.5,1.0,3.5,S,2.5,1.0,2.5,S,4.5,1.0,5.0,S,S
EN_005_S_4.wav,4.0,2.0,3.5,S,3.0,1.0,3.0,S,4.0,2.0,4.5,S,S
EN_005_S_5.wav,4.0,1.0,3.0,S,2.5,1.0,2.5,S,4.0,1.5,3.5,S,S
EN_006_A_1.wav,4.0,1.5,4.0,A,3.0,2.5,4.5,A,4.0,2.5,4.5,A,A
EN_006_A_2.wav,3.0,2.5,3.5,A,2.5,2.5,4.5,A,4.5,1.5,4.0,A,A
EN_006_A_3.wav,4.0,1.5,4.5,A,2.5,2.5,5.0,A,5.0,1.0,5.0,A,A
EN_006_A_4.wav,4.0,1.5,4.0,A,3.0,2.5,4.5,A,5.0,1.5,5.0,A,A
EN_006_A_5.wav,4.0,1.5,4.0,A,4.0,3.0,4.0,A,4.5,1.5,4.0,A,A
EN_006_B_1.wav,1.5,2.0,1.0,S,2.5,2.5,1.0,B,2.0,2.0,1.0,S,B
EN_006_B_2.wav,2.0,2.0,2.0,B,1.5,2.5,1.5,B,1.0,2.0,1.0,B,B
EN_006_B_3.wav,3.0,2.5,2.5,B,4.0,2.5,2.0,B,1.5,2.0,1.5,B,B
EN_006_B_4.wav,1.0,2.0,1.5,B,2.0,2.5,2.5,B,1.5,2.0,1.0,B,B
EN_006_B_5.wav,2.0,2.5,1.5,B,1.0,2.5,2.5,B,1.0,1.5,1.5,B,B
EN_006_H_1.wav,3.0,4.0,3.0,H,5.0,2.5,2.5,H,4.0,4.0,3.5,H,H
EN_006_H_2.wav,3.5,4.0,2.5,H,5.0,4.0,2.5,H,4.0,3.5,4.0,H,H
EN_006_H_3.wav,2.5,3.5,2.5,H,4.5,3.0,2.5,H,2.5,2.0,3.0,S,H
EN_006_H_4.wav,3.0,4.0,2.5,H,4.0,3.0,2.0,H,2.5,3.5,3.0,H,H
EN_006_H_5.wav,2.5,4.0,2.0,H,4.0,4.0,2.5,H,3.5,4.5,4.0,H,H
EN_006_N_1.wav,2.5,2.5,2.0,N,2.5,2.5,2.5,N,3.0,3.0,2.5,N,N
EN_006_N_2.wav,2.0,2.5,2.5,N,2.0,2.0,3.0,N,3.0,3.0,3.0,N,N
EN_006_N_3.wav,2.5,2.5,2.0,N,2.0,2.5,2.5,N,2.5,3.0,2.0,N,N
EN_006_N_4.wav,2.0,2.0,2.0,N,2.0,2.5,3.0,N,2.0,2.5,2.0,B,N
EN_006_N_5.wav,2.5,2.5,2.5,N,2.5,2.5,3.0,N,2.0,2.5,2.5,B,N
EN_006_S_1.wav,4.0,1.0,2.5,S,2.5,1.5,2.0,S,3.5,1.5,3.0,S,S
EN_006_S_2.wav,3.5,1.0,3.0,S,2.5,1.0,2.0,S,3.5,2.0,2.0,S,S
EN_006_S_3.wav,4.0,1.0,3.0,S,3.5,1.0,2.5,S,3.5,2.0,2.0,S,S
EN_006_S_4.wav,3.5,1.0,2.0,S,2.5,1.0,3.0,S,3.0,1.0,3.5,S,S
EN_006_S_5.wav,4.0,1.0,2.0,S,3.0,1.0,2.5,S,2.0,2.0,3.0,S,S
EN_007_A_1.wav,4.0,1.5,4.0,A,3.0,2.0,2.5,A,3.0,3.0,3.0,N,A
EN_007_A_2.wav,4.0,1.5,4.0,A,2.5,2.5,3.5,A,5.0,1.0,5.0,H,A
EN_007_A_3.wav,4.0,1.5,4.0,A,4.0,2.5,3.0,A,4.0,2.0,4.5,A,A
EN_007_A_4.wav,4.0,1.5,4.0,A,3.5,2.5,4.0,A,4.0,1.5,4.5,A,A
EN_007_A_5.wav,4.5,1.5,4.5,A,2.5,2.5,4.0,A,3.0,3.0,3.5,N,A
EN_007_B_1.wav,2.0,1.5,2.0,B,1.0,2.5,2.0,B,2.0,2.0,1.0,S,B
EN_007_B_2.wav,2.0,2.0,2.0,B,2.0,2.0,1.0,S,2.0,2.0,3.0,S,B
EN_007_B_3.wav,1.5,1.5,1.5,S,1.0,2.5,1.5,B,1.0,1.0,1.5,S,B
EN_007_B_4.wav,1.5,2.0,1.0,B,1.0,2.0,1.0,B,1.0,1.0,1.0,S,B
EN_007_B_5.wav,1.5,2.0,1.5,B,1.0,2.0,1.5,S,2.0,1.5,3.0,S,B
EN_007_H_1.wav,4.0,4.0,3.5,H,5.0,3.0,2.5,H,4.0,4.0,3.5,H,H
EN_007_H_2.wav,4.0,5.0,4.0,H,5.0,4.5,2.5,H,3.5,4.0,3.5,H,H
EN_007_H_3.wav,3.5,4.0,3.0,H,5.0,5.0,2.5,H,4.0,3.5,4.0,H,H
EN_007_H_4.wav,3.5,4.0,3.5,H,3.5,5.0,2.5,H,4.0,4.0,4.5,H,H
EN_007_H_5.wav,4.0,1.5,4.0,H,4.0,4.5,2.5,H,5.0,5.0,3.5,H,H
EN_007_N_1.wav,2.0,2.5,2.0,N,2.5,2.5,2.5,N,3.0,3.0,2.5,N,N
EN_007_N_2.wav,3.0,2.0,2.0,S,2.0,2.5,3.0,N,1.5,1.5,1.0,S,N
EN_007_N_3.wav,2.0,2.0,2.0,N,1.5,2.0,2.0,N,2.0,2.5,2.0,S,N
EN_007_N_4.wav,2.5,2.0,2.5,N,1.0,2.5,2.0,N,2.5,3.0,2.0,N,N
EN_007_N_5.wav,2.0,1.5,1.5,S,2.0,2.5,2.5,N,2.5,2.0,1.5,B,N
EN_007_S_1.wav,1.5,2.0,2.0,S,2.5,1.0,2.5,S,2.0,2.0,1.5,S,S
EN_007_S_2.wav,2.5,2.0,2.5,S,2.5,1.5,2.5,S,2.0,2.0,1.5,S,S
EN_007_S_3.wav,2.5,2.0,2.5,S,3.0,1.5,2.0,S,3.0,3.0,3.0,N,S
EN_007_S_4.wav,3.0,3.5,2.5,H,2.5,1.5,3.0,S,2.0,2.0,2.5,S,S
EN_007_S_5.wav,3.0,2.5,2.5,S,3.0,1.5,2.0,S,2.0,2.5,1.5,S,S
EN_008_A_1.wav,4.5,1.5,4.0,A,2.5,2.5,5.0,A,5.0,1.5,5.0,A,A
EN_008_A_2.wav,3.5,1.5,4.0,A,2.5,2.5,5.0,A,4.5,1.5,4.0,A,A
EN_008_A_3.wav,4.0,4.0,4.0,A,3.5,2.5,3.5,A,4.5,1.0,4.5,A,A
EN_008_A_4.wav,3.0,4.0,3.5,A,3.0,2.5,4.0,A,5.0,1.5,4.0,H,A
EN_008_A_5.wav,4.0,4.0,3.0,H,5.0,3.0,2.5,H,4.0,4.0,3.5,H,A
EN_008_B_1.wav,3.0,2.0,4.0,N,2.5,2.5,3.0,B,2.5,3.0,2.5,N,B
EN_008_B_2.wav,2.5,2.5,2.0,B,2.5,2.5,2.5,B,3.0,3.0,3.0,N,B
EN_008_B_3.wav,2.5,2.5,3.0,B,2.5,2.5,2.5,B,3.0,3.0,3.0,N,B
EN_008_B_4.wav,2.5,2.5,2.5,N,2.5,2.5,2.5,B,3.5,3.5,3.0,H,B
EN_008_B_5.wav,2.0,2.0,2.5,N,2.5,2.5,2.5,B,3.0,3.0,3.0,N,B
EN_008_H_1.wav,3.0,4.5,4.0,H,4.5,4.0,2.5,H,4.5,4.0,4.0,H,H
EN_008_H_2.wav,3.0,4.0,4.0,H,5.0,4.0,2.5,H,4.5,4.0,4.0,H,H
EN_008_H_3.wav,3.5,4.0,3.5,H,5.0,3.5,2.5,H,4.5,4.5,4.0,H,H
EN_008_H_4.wav,3.5,4.0,4.0,H,4.5,3.0,3.0,H,5.0,4.5,4.0,H,H
EN_008_H_5.wav,4.0,4.0,3.5,H,4.5,3.0,2.5,H,4.0,4.0,3.5,H,H
EN_008_N_1.wav,3.0,2.5,3.0,A,3.5,2.5,3.0,N,3.0,3.0,2.5,N,N
EN_008_N_2.wav,4.0,2.0,3.5,N,4.0,3.0,2.5,N,4.5,4.0,3.5,H,N
EN_008_N_3.wav,2.0,2.5,2.5,N,2.5,2.0,3.0,N,2.5,3.0,3.0,N,N
EN_008_N_4.wav,2.5,2.5,2.0,N,2.5,2.0,2.5,N,3.0,2.0,4.0,S,N
EN_008_N_5.wav,2.5,3.0,2.5,N,2.0,2.5,2.5,N,3.0,3.0,3.0,N,N
EN_008_S_1.wav,2.5,2.0,2.0,S,2.5,2.0,2.0,S,2.5,2.0,1.5,S,S
EN_008_S_2.wav,2.5,2.0,2.0,N,2.5,2.0,2.5,S,2.5,3.0,3.0,N,S
EN_008_S_3.wav,2.5,2.5,2.5,S,3.0,2.5,1.5,S,2.5,2.0,3.5,N,S
EN_008_S_4.wav,2.5,2.5,2.0,N,2.5,2.5,2.5,S,3.0,3.0,2.5,N,S
EN_008_S_5.wav,2.5,2.5,2.0,N,2.5,2.0,2.0,N,2.5,2.0,2.0,S,S
EN_009_A_1.wav,3.0,1.5,3.0,B,2.5,1.5,1.5,N,3.5,2.0,3.5,A,A
EN_009_A_2.wav,3.0,2.0,3.5,H,2.5,2.0,1.0,A,3.5,2.0,4.5,A,A
EN_009_A_3.wav,2.5,2.0,3.0,B,2.5,2.5,1.0,S,2.0,2.0,2.0,B,A
EN_009_A_4.wav,2.5,2.0,3.0,A,3.0,2.0,2.0,A,3.0,3.0,3.5,N,A
EN_009_A_5.wav,3.0,2.0,3.5,S,3.5,2.0,2.5,S,2.5,2.5,2.0,B,A
EN_009_B_1.wav,2.5,2.5,2.0,B,2.5,2.5,2.5,B,2.5,2.0,2.0,S,B
EN_009_B_2.wav,1.5,1.5,2.5,B,2.5,2.5,2.5,B,3.0,2.5,2.5,B,B
EN_009_B_3.wav,1.5,2.5,2.0,S,1.0,2.5,2.5,B,3.0,2.5,3.0,N,B
EN_009_B_4.wav,2.0,2.0,2.0,B,1.0,2.5,2.5,B,2.0,2.0,2.0,S,B
EN_009_B_5.wav,2.0,2.0,2.5,B,1.5,2.5,2.5,B,2.0,2.5,1.5,B,B
EN_009_H_1.wav,3.0,2.0,3.0,S,5.0,2.5,2.5,H,3.5,3.5,3.5,H,H
EN_009_H_2.wav,3.0,4.0,3.5,H,3.0,4.5,2.5,H,3.5,3.5,3.0,H,H
EN_009_H_3.wav,2.5,2.0,2.5,B,3.5,4.0,2.5,H,3.5,3.5,4.0,H,H
EN_009_H_4.wav,3.0,2.5,2.5,S,3.5,3.0,2.5,H,2.5,2.0,2.5,B,H
EN_009_H_5.wav,3.0,2.5,3.0,A,3.0,3.0,2.5,H,3.5,3.5,3.5,H,H
EN_009_N_1.wav,2.0,2.5,2.5,N,3.0,2.5,3.0,N,2.5,2.0,2.0,S,N
EN_009_N_2.wav,3.0,2.0,3.0,N,2.5,2.5,2.5,N,2.0,3.0,3.0,B,N
EN_009_N_3.wav,2.0,2.0,2.5,S,2.0,2.0,2.0,N,2.0,2.0,2.5,B,N
EN_009_N_4.wav,2.5,2.0,2.0,N,1.5,2.5,2.0,N,1.0,2.5,1.0,B,N
EN_009_N_5.wav,2.0,2.5,2.5,N,2.5,2.5,2.0,N,2.5,2.5,2.5,B,N
EN_009_S_1.wav,2.0,2.0,2.5,N,2.5,2.5,2.5,N,2.5,2.5,2.0,B,S
EN_009_S_2.wav,2.0,2.0,2.5,S,3.0,3.0,2.5,N,2.0,3.0,3.0,B,S
EN_009_S_3.wav,3.0,1.5,2.5,S,4.0,2.0,2.5,S,2.0,2.5,1.5,S,S
EN_009_S_4.wav,2.0,2.5,2.0,B,2.5,2.0,1.5,S,1.5,2.0,1.0,B,S
EN_009_S_5.wav,3.0,1.5,2.0,S,2.5,2.0,2.0,S,2.0,2.0,2.5,S,S
EN_010_A_1.wav,3.0,2.5,2.5,A,4.5,2.5,3.5,A,5.0,2.5,4.0,A,A
EN_010_A_2.wav,3.0,3.0,3.0,A,4.0,3.0,3.0,H,4.5,3.5,4.0,H,A
EN_010_A_3.wav,4.0,1.5,3.5,A,3.5,2.5,4.5,A,4.0,2.0,4.0,S,A
EN_010_A_4.wav,4.0,1.5,4.0,A,3.5,2.5,4.0,A,4.0,4.0,3.5,H,A
EN_010_A_5.wav,3.0,2.5,2.5,H,3.0,3.0,2.5,A,4.0,4.0,3.5,H,A
EN_010_B_1.wav,2.0,2.0,1.5,B,2.0,2.5,2.0,B,1.5,1.5,1.0,S,B
EN_010_B_2.wav,2.0,2.0,2.0,N,2.5,2.5,2.5,B,3.0,3.0,2.5,N,B
EN_010_B_3.wav,2.0,2.5,2.0,B,2.0,2.5,2.5,B,3.0,3.0,2.0,N,B
EN_010_B_4.wav,2.0,2.0,2.0,B,2.5,2.5,2.5,B,2.5,3.0,2.0,N,B
EN_010_B_5.wav,2.5,2.5,2.0,S,2.5,2.5,2.5,B,3.0,3.0,3.0,N,B
EN_010_H_1.wav,4.0,4.5,3.5,H,4.0,5.0,2.5,H,4.0,4.0,3.5,H,H
EN_010_H_2.wav,3.0,4.0,3.5,H,4.5,4.0,2.5,H,4.0,4.5,3.5,H,H
EN_010_H_3.wav,3.0,1.5,3.0,A,4.0,4.0,2.5,H,3.5,2.0,3.0,A,H
EN_010_H_4.wav,3.5,4.0,4.0,H,4.0,4.0,2.5,H,3.5,4.0,3.0,H,H
EN_010_H_5.wav,3.5,4.5,3.0,H,4.5,4.0,2.5,H,3.5,3.5,3.5,H,H
EN_010_N_1.wav,2.5,2.5,2.0,N,2.5,3.5,3.0,N,3.0,3.0,3.0,N,N
EN_010_N_2.wav,2.5,2.5,2.5,N,3.0,2.5,2.5,N,3.0,3.0,2.5,N,N
EN_010_N_3.wav,2.5,2.5,2.5,N,3.0,2.5,2.5,N,3.0,2.5,3.0,N,N
EN_010_N_4.wav,2.5,2.5,2.5,N,3.0,2.5,2.5,N,3.0,3.5,3.0,H,N
EN_010_N_5.wav,2.5,3.0,2.5,N,2.5,2.5,2.5,N,3.0,3.0,2.5,N,N
EN_010_S_1.wav,2.0,2.5,2.5,N,1.5,2.5,2.5,S,1.5,2.0,2.0,S,S
EN_010_S_2.wav,2.0,2.5,2.0,N,1.5,2.5,2.5,S,3.0,3.0,2.0,N,S
EN_010_S_3.wav,2.0,2.0,2.0,S,1.0,2.0,2.0,S,2.5,2.0,3.0,S,S
EN_010_S_4.wav,2.5,2.5,2.5,S,1.0,2.5,1.5,S,2.0,2.0,2.5,S,S
EN_010_S_5.wav,2.0,2.0,2.0,S,1.0,2.0,2.0,S,1.5,2.0,1.5,S,S
EN_011_A_1.wav,3.0,2.5,3.0,A,3.0,2.5,2.5,A,3.5,2.0,2.0,A,A
EN_011_A_2.wav,4.0,2.0,3.5,A,3.0,2.5,3.5,A,4.0,2.0,5.0,A,A
EN_011_A_3.wav,3.0,1.5,4.0,A,2.0,2.5,2.5,A,3.5,1.5,5.0,A,A
EN_011_A_4.wav,3.5,1.5,4.0,A,3.0,2.5,3.0,A,3.5,1.0,4.0,A,A
EN_011_A_5.wav,4.0,1.5,4.0,A,3.5,2.5,2.0,A,3.5,2.5,4.0,A,A
EN_011_B_1.wav,1.0,2.0,1.0,B,1.5,2.5,1.5,B,1.0,2.0,1.5,B,B
EN_011_B_2.wav,2.0,2.5,1.5,B,1.5,2.5,2.0,B,3.0,1.0,1.0,B,B
EN_011_B_3.wav,1.0,2.0,1.5,B,1.5,2.5,1.0,B,2.5,2.0,2.5,B,B
EN_011_B_4.wav,1.0,2.0,1.5,B,1.0,2.5,1.5,B,2.5,2.0,2.5,B,B
EN_011_B_5.wav,1.5,2.5,1.5,B,1.0,2.5,2.5,B,2.0,2.0,2.5,B,B
EN_011_H_1.wav,3.5,4.0,2.5,H,4.0,2.5,2.5,H,5.0,4.0,4.5,H,H
EN_011_H_2.wav,3.0,4.0,3.0,H,5.0,3.0,2.5,H,4.0,4.0,3.5,N,H
EN_011_H_3.wav,3.0,4.5,4.0,H,5.0,4.0,2.5,H,4.0,4.0,3.5,H,H
EN_011_H_4.wav,3.5,4.5,2.5,H,3.5,3.5,2.5,H,3.5,4.0,3.0,H,H
EN_011_H_5.wav,3.0,4.5,3.5,H,3.5,4.0,2.5,H,3.5,3.5,3.0,H,H
EN_011_N_1.wav,2.0,2.0,1.5,B,1.0,2.5,2.5,N,2.5,3.0,2.5,B,N
EN_011_N_2.wav,2.5,2.5,2.5,S,1.5,2.5,1.0,N,3.0,2.0,1.5,B,N
EN_011_N_3.wav,2.0,2.5,2.0,N,2.0,2.5,1.0,B,2.0,2.0,1.0,B,N
EN_011_N_4.wav,2.0,2.5,1.5,B,2.5,2.5,1.5,N,2.0,2.0,3.0,B,N
EN_011_N_5.wav,2.0,2.0,2.5,N,2.0,2.5,2.5,N,3.0,3.0,2.5,N,N
EN_011_S_1.wav,1.0,1.5,1.0,S,1.0,2.0,2.5,S,1.0,1.5,1.0,B,S
EN_011_S_2.wav,1.0,2.0,2.0,B,1.0,2.5,2.5,S,1.0,2.5,1.0,B,S
EN_011_S_3.wav,1.5,1.5,2.0,S,1.5,2.5,2.5,S,2.5,2.0,1.5,B,S
EN_011_S_4.wav,3.0,2.0,1.5,S,2.5,1.5,2.5,S,2.5,2.0,2.0,S,S
EN_011_S_5.wav,1.0,2.0,1.0,S,2.5,2.0,2.5,S,1.0,2.5,1.0,B,S
EN_012_A_1.wav,4.5,1.5,5.0,A,2.5,2.5,5.0,A,5.0,1.0,5.0,A,A
EN_012_A_2.wav,4.0,1.5,5.0,A,2.5,2.5,5.0,A,4.0,1.5,4.5,A,A
EN_012_A_3.wav,4.5,1.5,4.0,A,3.0,2.5,4.5,A,5.0,1.0,5.0,A,A
EN_012_A_4.wav,4.0,1.5,3.5,A,2.5,2.5,4.0,A,4.0,1.5,4.5,A,A
EN_012_A_5.wav,4.0,1.5,4.5,A,2.5,2.5,5.0,A,5.0,1.0,4.5,A,A
EN_012_B_1.wav,2.0,2.5,2.0,N,1.5,2.0,2.5,B,2.0,2.5,3.0,S,B
EN_012_B_2.wav,2.5,2.5,2.5,B,2.0,2.5,2.5,B,2.5,2.0,1.5,S,B
EN_012_B_3.wav,2.0,2.0,2.5,B,2.0,2.5,2.5,B,2.5,2.5,2.0,B,B
EN_012_B_4.wav,2.0,2.5,2.5,B,2.5,2.5,2.5,B,3.0,3.0,2.5,N,B
EN_012_B_5.wav,2.5,2.5,2.5,N,2.5,2.5,2.5,B,3.0,2.5,2.0,N,B
EN_012_H_1.wav,3.5,4.5,2.5,H,3.5,2.5,2.5,N,4.0,3.5,3.5,H,H
EN_012_H_2.wav,3.0,3.5,2.5,H,3.5,2.5,2.5,H,3.0,3.0,3.5,N,H
EN_012_H_3.wav,3.0,4.0,3.5,H,4.0,2.5,2.5,H,3.5,3.5,3.5,H,H
EN_012_H_4.wav,2.5,2.5,2.5,H,2.5,2.5,2.5,H,3.5,3.0,3.0,N,H
EN_012_H_5.wav,3.5,4.5,3.0,H,4.5,2.5,2.0,H,4.0,4.0,3.5,H,H
EN_012_N_1.wav,2.5,2.5,2.5,N,2.5,2.5,2.0,N,2.0,3.0,2.0,B,N
EN_012_N_2.wav,2.5,2.5,2.5,N,2.5,2.5,1.0,N,3.0,3.5,3.0,N,N
EN_012_N_3.wav,2.0,2.5,2.5,N,2.5,2.5,1.0,N,2.0,2.5,3.0,B,N
EN_012_N_4.wav,2.5,2.5,2.5,N,2.5,2.5,1.5,N,2.5,2.0,2.0,B,N
EN_012_N_5.wav,2.5,2.5,2.5,N,2.5,2.5,2.5,N,1.0,3.0,2.0,B,N
EN_012_S_1.wav,3.0,1.5,2.0,S,2.5,1.5,2.0,S,2.5,2.0,2.0,S,S
EN_012_S_2.wav,2.5,2.0,2.0,B,2.5,2.5,4.0,S,2.5,2.0,2.0,S,S
EN_012_S_3.wav,3.0,1.5,3.0,S,2.5,1.0,2.0,S,2.5,2.0,2.0,S,S
EN_012_S_4.wav,2.5,2.0,2.0,S,2.5,2.0,2.5,S,2.5,2.0,2.5,S,S
EN_012_S_5.wav,2.5,2.5,2.0,N,2.5,2.0,2.5,S,2.5,2.0,1.5,S,S
EN_013_A_1.wav,3.0,2.0,3.0,A,3.0,2.5,3.0,A,4.0,2.0,4.0,A,A
EN_013_A_2.wav,3.5,2.0,3.0,N,2.5,2.5,2.5,A,3.5,3.0,3.0,N,A
EN_013_A_3.wav,3.0,2.5,2.5,A,3.0,2.5,2.5,A,4.0,2.0,4.0,A,A
EN_013_A_4.wav,3.0,2.0,2.5,A,3.0,2.5,4.0,A,3.5,1.5,4.5,A,A
EN_013_A_5.wav,3.5,2.5,3.5,A,3.5,2.5,2.5,A,3.5,3.0,3.0,N,A
EN_013_B_1.wav,1.5,1.5,2.0,B,1.5,2.0,2.0,B,2.0,1.5,1.0,B,B
EN_013_B_2.wav,2.5,2.0,2.0,B,1.0,2.5,2.0,B,1.5,2.0,1.0,B,B
EN_013_B_3.wav,2.0,2.0,1.5,B,2.0,2.5,1.0,B,1.0,1.5,1.0,B,B
EN_013_B_4.wav,1.5,2.0,1.5,B,2.5,2.0,1.0,B,1.0,3.0,1.0,B,B
EN_013_B_5.wav,2.5,1.5,1.5,B,2.5,2.5,1.5,B,1.0,2.0,1.0,B,B
EN_013_H_1.wav,3.5,4.0,3.0,H,3.5,4.0,2.5,H,4.0,2.0,4.0,A,H
EN_013_H_2.wav,3.5,1.5,4.0,H,5.0,3.0,2.5,H,4.5,2.0,4.0,A,H
EN_013_H_3.wav,3.0,4.0,4.0,H,4.0,4.0,2.5,H,4.0,3.5,4.0,A,H
EN_013_H_4.wav,4.0,4.0,3.5,H,3.5,4.0,2.5,H,3.5,3.5,3.0,H,H
EN_013_H_5.wav,4.0,4.0,3.5,H,4.5,4.0,2.5,H,4.5,5.0,3.5,H,H
EN_013_N_1.wav,2.5,2.5,2.5,N,1.0,2.0,2.5,N,3.0,2.0,2.5,B,N
EN_013_N_2.wav,2.5,2.5,2.0,N,1.0,2.5,2.5,N,1.5,1.5,2.0,S,N
EN_013_N_3.wav,2.5,2.5,2.5,N,1.5,2.5,2.5,N,3.0,2.5,2.0,B,N
EN_013_N_4.wav,2.0,3.0,2.5,B,2.0,2.0,2.5,N,2.5,2.0,1.5,S,N
EN_013_N_5.wav,2.5,2.5,2.0,S,1.5,2.0,2.0,N,2.0,2.5,1.5,B,N
EN_013_S_1.wav,2.0,2.0,2.0,S,2.0,1.5,2.0,S,1.5,1.5,2.0,S,S
EN_013_S_2.wav,1.5,2.0,1.5,S,2.5,1.5,2.5,S,1.5,2.0,1.5,B,S
EN_013_S_3.wav,1.5,2.0,2.0,S,2.5,1.5,1.5,S,1.0,2.0,1.0,B,S
EN_013_S_4.wav,2.0,2.0,2.0,S,2.5,1.0,2.0,S,2.5,1.5,1.5,S,S
EN_013_S_5.wav,2.0,2.5,2.0,S,2.5,1.0,2.5,S,1.5,2.5,1.0,B,S
EN_016_A_1.wav,4.0,1.5,4.0,A,3.0,2.5,3.0,A,3.0,3.0,4.0,N,A
EN_016_A_2.wav,4.0,1.5,4.0,A,3.0,2.5,3.5,A,3.5,2.0,4.0,A,A
EN_016_A_3.wav,3.5,1.5,4.0,A,3.0,2.5,3.0,A,4.0,1.5,4.0,A,A
EN_016_A_4.wav,3.5,1.5,3.0,A,3.5,2.5,3.5,A,4.0,2.0,4.5,A,A
EN_016_A_5.wav,4.0,1.5,4.5,A,2.5,2.5,4.0,A,4.0,2.0,4.5,A,A
EN_016_B_1.wav,2.0,2.5,2.5,B,1.5,2.5,2.5,N,1.0,2.5,1.5,B,B
EN_016_B_2.wav,1.5,2.0,1.5,B,1.0,2.5,2.5,B,2.0,1.5,1.5,S,B
EN_016_B_3.wav,1.5,2.0,2.0,B,1.0,2.5,2.5,B,2.0,1.5,1.5,B,B
EN_016_B_4.wav,1.5,2.0,2.0,B,1.0,2.5,2.5,B,3.0,2.0,2.5,S,B
EN_016_B_5.wav,2.0,2.0,1.5,B,1.0,2.5,2.0,B,2.5,2.0,1.5,B,B
EN_016_H_1.wav,2.5,2.5,3.0,H,2.5,5.0,2.5,H,3.0,3.5,3.5,H,H
EN_016_H_2.wav,3.0,3.5,3.5,H,5.0,3.0,2.5,H,4.5,2.5,3.5,A,H
EN_016_H_3.wav,3.0,3.0,3.0,H,5.0,4.0,2.5,H,4.5,4.5,4.0,N,H
EN_016_H_4.wav,3.5,3.5,3.0,A,4.0,4.0,2.5,H,4.0,4.5,3.5,H,H
EN_016_H_5.wav,3.0,3.5,3.0,H,4.0,4.5,2.5,H,3.5,3.5,3.0,H,H
EN_016_N_1.wav,2.0,2.5,2.0,N,2.0,2.5,2.0,N,3.0,3.0,2.5,N,N
EN_016_N_2.wav,2.0,2.5,2.5,N,1.0,2.5,2.5,N,3.0,3.0,3.0,N,N
EN_016_N_3.wav,2.5,2.5,2.5,N,2.0,2.5,1.5,N,3.0,2.5,2.5,N,N
EN_016_N_4.wav,2.0,2.5,2.0,N,1.5,2.5,1.5,N,2.0,2.0,2.0,N,N
EN_016_N_5.wav,2.5,2.5,2.0,N,2.0,2.5,2.0,N,2.5,2.0,1.5,B,N
EN_016_S_1.wav,2.0,2.0,2.0,S,2.5,2.5,1.5,N,2.0,2.0,1.5,S,S
EN_016_S_2.wav,1.5,1.5,2.0,N,2.5,2.0,1.0,S,2.0,2.0,1.5,S,S
EN_016_S_3.wav,1.5,1.5,1.5,B,2.5,2.0,1.0,S,2.0,2.0,1.5,B,S
EN_016_S_4.wav,2.0,2.0,2.0,S,2.5,1.5,2.5,S,1.0,2.0,1.0,B,S
EN_016_S_5.wav,1.0,1.5,1.0,S,2.0,1.5,2.5,S,1.0,2.0,2.5,S,S
EN_017_A_1.wav,3.0,3.5,3.5,H,3.5,3.0,2.5,H,4.5,4.0,3.5,H,A
EN_017_A_2.wav,3.5,4.0,4.0,H,3.0,3.5,2.5,H,4.0,4.0,3.5,H,A
EN_017_A_3.wav,3.0,3.0,2.5,H,3.5,3.0,2.5,H,4.0,3.5,3.5,H,A
EN_017_A_4.wav,3.0,4.0,2.5,H,3.5,3.5,2.5,H,4.0,4.0,3.5,H,A
EN_017_A_5.wav,3.0,3.5,3.0,H,4.0,3.0,2.5,N,3.5,3.0,3.0,N,A
EN_017_B_1.wav,2.0,2.5,2.5,N,1.5,2.5,2.5,B,2.0,2.5,2.5,B,B
EN_017_B_2.wav,2.5,3.0,2.5,N,2.5,2.5,1.0,B,3.0,3.0,2.5,N,B
EN_017_B_3.wav,2.0,2.0,2.5,B,2.5,2.5,1.0,B,3.0,3.5,3.0,N,B
EN_017_B_4.wav,2.5,3.0,2.5,B,2.5,2.5,1.5,B,1.0,2.0,1.5,B,B
EN_017_B_5.wav,3.5,3.5,2.5,B,2.5,2.5,1.0,B,2.0,2.0,1.5,B,B
EN_017_H_1.wav,2.5,4.0,3.0,H,3.0,5.0,2.5,H,3.5,4.5,3.0,H,H
EN_017_H_2.wav,3.0,4.0,3.5,H,2.5,5.0,2.5,H,4.0,3.5,3.5,H,H
EN_017_H_3.wav,3.0,4.0,3.0,H,3.0,5.0,2.5,H,4.0,3.5,3.0,H,H
EN_017_H_4.wav,3.0,4.5,3.0,H,3.0,4.5,2.5,H,4.0,4.0,3.5,H,H
EN_017_H_5.wav,3.5,4.5,2.5,H,3.0,4.5,2.5,H,3.5,3.5,2.0,H,H
EN_017_N_1.wav,2.0,2.5,2.5,N,2.5,2.5,2.5,N,3.5,3.5,3.0,H,N
EN_017_N_2.wav,2.5,3.0,2.5,N,3.0,2.5,2.5,N,3.0,3.5,3.0,N,N
EN_017_N_3.wav,2.5,2.5,2.5,H,2.5,2.5,2.5,N,3.0,3.0,2.5,N,N
EN_017_N_4.wav,2.5,3.0,2.5,N,3.0,2.5,2.5,N,3.0,3.0,2.0,N,N
EN_017_N_5.wav,2.5,3.5,2.5,N,2.5,2.5,2.5,N,3.0,3.0,3.0,N,N
EN_017_S_1.wav,2.0,2.0,2.0,N,2.0,2.0,3.0,S,3.0,3.0,2.0,N,S
EN_017_S_2.wav,2.5,2.5,2.0,S,1.5,2.0,2.5,S,3.0,3.0,2.5,N,S
EN_017_S_3.wav,2.0,2.0,2.0,A,2.5,2.5,1.5,S,3.0,3.0,3.0,N,S
EN_017_S_4.wav,2.5,2.5,2.0,N,2.5,2.5,1.5,S,3.0,3.0,2.5,N,S
EN_017_S_5.wav,4.0,2.0,4.0,S,3.0,2.5,2.0,S,1.0,2.0,1.0,S,S
